/*
Navicat MySQL Data Transfer

Source Server         : ebox-sql-remote
Source Server Version : 50167
Source Host           : 82.233.229.59:3306
Source Database       : vr-automation

Target Server Type    : MYSQL
Target Server Version : 50167
File Encoding         : 65001

Date: 2013-02-11 17:56:29
*/

SET FOREIGN_KEY_CHECKS=0;

-- ----------------------------
-- Table structure for `Command`
-- ----------------------------
DROP TABLE IF EXISTS `Command`;
CREATE TABLE `Command` (
  `commandId` int(11) unsigned NOT NULL AUTO_INCREMENT,
  `commandType` enum('HEADING','SAIL') COLLATE utf8_swedish_ci NOT NULL DEFAULT 'HEADING',
  `vrUserId` int(11) unsigned NOT NULL,
  `raceId` int(11) NOT NULL,
  `value` varchar(64) COLLATE utf8_swedish_ci NOT NULL,
  `r` varchar(255) COLLATE utf8_swedish_ci NOT NULL,
  `checksum` varchar(255) COLLATE utf8_swedish_ci NOT NULL,
  PRIMARY KEY (`commandId`)
) ENGINE=InnoDB AUTO_INCREMENT=624 DEFAULT CHARSET=utf8 COLLATE=utf8_swedish_ci;

-- ----------------------------
-- Records of Command
-- ----------------------------
INSERT INTO `Command` VALUES ('8', 'HEADING', '387602', '1', '0', 'CwaCN2X3Vckhu6UINnaA', '03c416b81c451479a1e329a0954a4e97b6699c3e');
INSERT INTO `Command` VALUES ('9', 'HEADING', '387602', '1', '4', '5Co1JCz7qwrPDmdx6nGw', 'c97298fc27aa2a0ad3a4b225559a423489878349');
INSERT INTO `Command` VALUES ('10', 'HEADING', '387602', '1', '11', '3osBAG4bmWReuXJNa3JS', 'f583adfedead410cf94d9cb1e5403f443c5b6868');
INSERT INTO `Command` VALUES ('11', 'HEADING', '387602', '1', '17', 'JcNfbIAMtjeSYNcjEAk7', 'a3dfb91b9c2c1a0aae5500ba17ced012b1c13c2a');
INSERT INTO `Command` VALUES ('12', 'HEADING', '387602', '1', '9', 'oj4eBRZhvwaOpaVYXPCi', '2eac34f3402db1ee8e8559baa1428c13e9d02693');
INSERT INTO `Command` VALUES ('13', 'HEADING', '387602', '1', '2', 'IuxjYt9Ie0X0PT5iuVtE', 'ccee97527139b37770f25d791d061b24968243af');
INSERT INTO `Command` VALUES ('14', 'HEADING', '387602', '1', '1', '06c8wBZmtQPwRoVEq0RV', 'ad4830fdc9ebe03df4b78a5801b76697e19bbf18');
INSERT INTO `Command` VALUES ('15', 'HEADING', '387602', '1', '6', 'sllgvg8ImsoPQNNlHSoU', '557947ce61f4b6abfb116ed4af5377d676a59907');
INSERT INTO `Command` VALUES ('16', 'HEADING', '387602', '1', '15', 'rwrdvoV9uT6NhqMmwgsq', 'da8868b3499de70fd9f1092162dde77dd2d196b5');
INSERT INTO `Command` VALUES ('17', 'HEADING', '387602', '1', '190', '7KxacqfIbaEEfJ6Qfz8k', 'df7f50ce3f62265d3b02399dd337cdeedbbf83f9');
INSERT INTO `Command` VALUES ('18', 'HEADING', '387602', '1', '200', '82KfxDnS1vzfe3rhS2ci', '858d0e16d94599c34961ad921d9fb48402ff37c0');
INSERT INTO `Command` VALUES ('19', 'HEADING', '1557492', '1', '1', 'xa4PBafm7r9KGqoHfF9H', '57d9efc68d8bde031a8ec95c069aa192a6b2e296');
INSERT INTO `Command` VALUES ('20', 'HEADING', '1557492', '1', '2', 'OdYdI3wNLk3nHAs7hnjh', '5d8e8c3e8c0958d57d070876b2c7786126d2be58');
INSERT INTO `Command` VALUES ('21', 'HEADING', '1557492', '1', '3', 'V5l1TJzXRHmmIX82SllF', '0b12fa889e88a3e625e50ca6ab038f38a75b8ede');
INSERT INTO `Command` VALUES ('22', 'HEADING', '1557492', '1', '4', 'DviQP7DsmFJpELk3qs1N', '91d8158b489d72276db8cbc088478195e7ebf5ea');
INSERT INTO `Command` VALUES ('23', 'HEADING', '1557492', '1', '5', 'Tcp5Sge1uHu7IBbZ5Z3L', '2b71fa89c2723ec58757fb5b91dd9017127a325d');
INSERT INTO `Command` VALUES ('24', 'HEADING', '1557492', '1', '6', 'dtDMWop9qPf6XhePW2vi', '14cea581d0c815a119bd14c603cbbb638bdb1c18');
INSERT INTO `Command` VALUES ('25', 'HEADING', '1557492', '1', '7', 'J92r1fh4ru7bD2Rf6tNx', '524153eee04485095be5aac7ee9499854df61255');
INSERT INTO `Command` VALUES ('26', 'HEADING', '1557492', '1', '8', '17V3W1mO8gFN2D6mzibn', '1028faf0cf2ae80653b6fbe1c0c3ee10309eb6dd');
INSERT INTO `Command` VALUES ('27', 'HEADING', '1557492', '1', '9', 'bHmdn4iCaeEsqUzR6zwR', '7e71eb635e327774aa939fadbd531c2a3b70bb3c');
INSERT INTO `Command` VALUES ('28', 'HEADING', '1557492', '1', '10', 'cIHHGjZBfKZxw6nBKRdz', '51a920904f87d23948fcf5dddb4e26aa95dfa809');
INSERT INTO `Command` VALUES ('29', 'HEADING', '1557492', '1', '11', '4WwTW5L7q1Tur1aVu9Es', '334deffc83bfbbba4f7a88c6a29b5e097c6cea8b');
INSERT INTO `Command` VALUES ('30', 'HEADING', '1557492', '1', '12', 'tWaUhKy6vERY0A6tq9Zv', '446d11396ef21294404704c22aa2ffdaa2483541');
INSERT INTO `Command` VALUES ('31', 'HEADING', '1557492', '1', '13', 'IqLJqnGaJr07GZTdBvko', 'f3e5d29a4d26b003fa40a434e5cd2de3a2e771d1');
INSERT INTO `Command` VALUES ('32', 'HEADING', '1557492', '1', '14', 'CmB9mMu9YqOxaOcl2AuP', '12c8e1a360e2a680190cfd226cfd519a679cfa89');
INSERT INTO `Command` VALUES ('33', 'HEADING', '1557492', '1', '15', 'wLo2KSIp9dm011X21j4q', 'd4466f1b88f95fc2051c128f4982ed8ba0cfbf8f');
INSERT INTO `Command` VALUES ('34', 'HEADING', '1557492', '1', '16', 'VptrAyAtwfKSMqxq6BeH', 'c521c953713d97c2d707d7ca03dcb7f0d507a9e6');
INSERT INTO `Command` VALUES ('35', 'HEADING', '1557492', '1', '17', 'zjLcNjoi86q0bE81e1tX', 'b7d9b622643e4f3e59850b06c4c1e3a536f057dc');
INSERT INTO `Command` VALUES ('36', 'HEADING', '1557492', '1', '18', '3RLKa7rgNpWTLYTKRXGq', 'c527e1f79d452c4c0d34585c53d96cc1a662b1a2');
INSERT INTO `Command` VALUES ('37', 'HEADING', '1557492', '1', '19', 'iIHr6Evf4ExQjDtohF95', '00aa10ac4bf48d5d8e2a517539c2d1c1e4b00742');
INSERT INTO `Command` VALUES ('38', 'HEADING', '1557492', '1', '20', 'w0oBeejxASjAsSJkzEEW', 'e923d1528205af9244268a172ca42ceee123aa4f');
INSERT INTO `Command` VALUES ('39', 'HEADING', '1557492', '1', '21', 'WeH0gYc6XPk7XlSQdAhx', '4b80524b42a5ac2a9fb7acc0f909479cf2eaf32d');
INSERT INTO `Command` VALUES ('40', 'HEADING', '1557492', '1', '22', 'JfElbVDEcQBMT9bAv1u1', 'b7eea856fd0f06cd712367a903f987b770f2445c');
INSERT INTO `Command` VALUES ('41', 'HEADING', '1557492', '1', '23', 'O5Sq5qodEp1SyTy6KxTs', 'ccf4b9a58496ba5dd6412614068f7e00e84cce8d');
INSERT INTO `Command` VALUES ('42', 'HEADING', '1557492', '1', '24', 'XTiteXVATsMuLW6lMWKd', '8421a6af0e570038782c1a09f3e12dda1b2c280b');
INSERT INTO `Command` VALUES ('43', 'HEADING', '1557492', '1', '25', 'u3YwRNLZG4HP5MfGGzUH', 'c611c8012926049056f573f46da8ac1225496cd8');
INSERT INTO `Command` VALUES ('44', 'HEADING', '1557492', '1', '26', 'uU86yD9exoy9l5dpm14E', '68710973ca6425bfa33bc3f8ee1a96f427ba9df8');
INSERT INTO `Command` VALUES ('45', 'HEADING', '1557492', '1', '27', 'EAWrG8WHrjvyO1VK3u9A', '5800b8fdb6dd2d48ebfef36b27e6943bc4ddfc79');
INSERT INTO `Command` VALUES ('46', 'HEADING', '1557492', '1', '28', '29Xi6Lk48oOG3BCRx6On', '5099181778d3969b7b7b83025ea1de6868bd26ae');
INSERT INTO `Command` VALUES ('47', 'HEADING', '1557492', '1', '29', 'X9qZ3NCC70CJRDHzVykn', '36086c1da5d210c986731209af278f6d7bf8539c');
INSERT INTO `Command` VALUES ('48', 'HEADING', '1557492', '1', '30', 'Yuz2ONuf2EH9nqUcyAxk', 'a7ce4f3dd40f890f46708cd2c5668665faa1bb86');
INSERT INTO `Command` VALUES ('49', 'HEADING', '1557492', '1', '31', '7acZ1Jgb5EODQ5oXl9Xv', '77d7a401a5c6aa94e0d604f17842e2666bd246ef');
INSERT INTO `Command` VALUES ('50', 'HEADING', '1557492', '1', '32', 'k9uk1Lrqopz5e2A5gTgj', '19c57ea46ae3e81a3af69b767652cca391724299');
INSERT INTO `Command` VALUES ('51', 'HEADING', '1557492', '1', '33', 'wudejPM0t4eaH1aBL06I', 'cd9d85a0211eb8ce4d31fd5fd4e3b7f21f5a6aa4');
INSERT INTO `Command` VALUES ('52', 'HEADING', '1557492', '1', '34', 'G8iaqfXA1CvXyegyY9je', 'dbcd099b0c736eab275bb0fc88191bfe355ce809');
INSERT INTO `Command` VALUES ('53', 'HEADING', '1557492', '1', '35', 'pRBnRlNfo74o2KPm3P2a', '611511cdee405d48b72bc927c06887c0495659d5');
INSERT INTO `Command` VALUES ('54', 'HEADING', '1557492', '1', '36', 'rbjEY4fpdlDGZnC1JPCO', '37eacc58562483a38538aea5abee4196cb9f8957');
INSERT INTO `Command` VALUES ('55', 'HEADING', '1557492', '1', '37', 'daZlOUR0Hocwdw2B5VnA', '1ebc0b40b1c3e907cde31dd1c6f1b65a86e0f6fb');
INSERT INTO `Command` VALUES ('56', 'HEADING', '1557492', '1', '38', '8eNelLVyQb3qVN5XznkN', 'e42626832de79b27b190b19d282d9fe96f8348e3');
INSERT INTO `Command` VALUES ('57', 'HEADING', '1557492', '1', '39', 'zeDPPDaVM0SmOsurgUgx', '6b951841d3d698f7cf850fefb3094dff783702e4');
INSERT INTO `Command` VALUES ('58', 'HEADING', '1557492', '1', '40', '294ISkHYzCOXVsboNyTp', '6a07caa8ecb3a041739992e55f59935fb756be0d');
INSERT INTO `Command` VALUES ('59', 'HEADING', '1557492', '1', '41', 'CxvojYS4Zzb0EeOqsjBL', '4a0fc02e35224d5e3335d402b6a31a3ec69fe281');
INSERT INTO `Command` VALUES ('60', 'HEADING', '1557492', '1', '42', 'qVwtxHt2SdtwSO13LiE8', 'fd420a546fa5ebeff5f8f06a1daadbf5d62333c6');
INSERT INTO `Command` VALUES ('61', 'HEADING', '1557492', '1', '43', 'wXK1QitEnf8bzG3T6ryc', '75336218b3a5b94b0e12ffc8b309978172ecd94a');
INSERT INTO `Command` VALUES ('62', 'HEADING', '1557492', '1', '44', 'xMudVreWkjEek34LBmmn', 'f0855ef9896911c05a1545d203a1b46a7b25859f');
INSERT INTO `Command` VALUES ('63', 'HEADING', '1557492', '1', '45', 'IIVdTCUmjG4nSbdlVWJY', '21bcf2528e577588fe5f556fa578eb37a76df67c');
INSERT INTO `Command` VALUES ('64', 'HEADING', '1557492', '1', '46', 'B3FhF3MwkXQkLBd20IIE', '534c49bfb78da21254a89c8917ce9232c9ab4cfd');
INSERT INTO `Command` VALUES ('65', 'HEADING', '1557492', '1', '47', 'nhOjsc3I6cDLHDXVj9Hr', 'a244ca945a261edf1d63e3064307ad384b2a0db2');
INSERT INTO `Command` VALUES ('66', 'HEADING', '1557492', '1', '48', 'eJISsGxROa73VeP05EoG', 'efa7f1cbf6c6197a12a7fb0f7af21e7062cfe48f');
INSERT INTO `Command` VALUES ('67', 'HEADING', '1557492', '1', '49', 'CCASswCyulI7R8GoNn5r', '728384602dbb11e38dedf1de4f405d831cf1b39a');
INSERT INTO `Command` VALUES ('68', 'HEADING', '1557492', '1', '50', 'cSA3aeGctX5WX1xro9j9', '754be9eb9b2d46547e283b492fa2bf9971ca77a2');
INSERT INTO `Command` VALUES ('69', 'HEADING', '1557492', '1', '51', 'pKCfMJgNG5h0aKopRS9d', 'f746638fd8da1419d73c0c475eee5e44185b717a');
INSERT INTO `Command` VALUES ('70', 'HEADING', '1557492', '1', '52', 'e35anYV2PKHqVvy00qyb', '6c9df4eae465f08b4e3ce1e6cc38dc7f40299ad3');
INSERT INTO `Command` VALUES ('71', 'HEADING', '1557492', '1', '53', '2fbkdp1Gn75TxqpzKQoA', 'f1c6a2a7835a038a68f77f89b71327bba0b60595');
INSERT INTO `Command` VALUES ('72', 'HEADING', '1557492', '1', '54', 'm5wO79trLT7qMz23uu72', '944df8f7915b369f5f2238d52bb27d6abf2fcd67');
INSERT INTO `Command` VALUES ('73', 'HEADING', '1557492', '1', '55', 'J2aDsbozS3FoScah1PsV', '2f226018964c9551357cee4bb07ca08033250254');
INSERT INTO `Command` VALUES ('74', 'HEADING', '1557492', '1', '56', '0TnEzY1QzJupFBHJf0XD', '380c955d3cc2d120442ff409af2de012068e412f');
INSERT INTO `Command` VALUES ('75', 'HEADING', '1557492', '1', '57', 'BOL5MAFe2SSbAQDnHnff', '82b4b865d8c37e6b16e47d2ab639252c6936c1d9');
INSERT INTO `Command` VALUES ('76', 'HEADING', '1557492', '1', '58', 'CjNxN2roeWHNkoB2zJDz', 'ec7bbab8e0f4093eadab62020be4acfcbc0efb53');
INSERT INTO `Command` VALUES ('77', 'HEADING', '1557492', '1', '59', 'ZtvcnMSedae2WEdB0iqB', '668cd792d83efc82604cd725e1b70b3a7c5870fd');
INSERT INTO `Command` VALUES ('78', 'HEADING', '1557492', '1', '60', 'SAS7WsEo792soQW0RUOQ', '1dde6792f17d221c81c144629e444335bc6d70ab');
INSERT INTO `Command` VALUES ('79', 'HEADING', '1557492', '1', '61', 'uaQ8sRePRlQP4pZnnPvW', '9c06262a5cfd2ad00b610462ab0e15c7b09250fa');
INSERT INTO `Command` VALUES ('80', 'HEADING', '1557492', '1', '62', 'v7iTaZNBBE9OF4YN9dlt', 'ecaa75b57d81e282f15ec097889fa1bee29ccad4');
INSERT INTO `Command` VALUES ('81', 'HEADING', '1557492', '1', '63', 'IrwmQfVPWgwryHb23qm1', 'a2998d23892f4ac41d7b2946a3ba55939cf2b81e');
INSERT INTO `Command` VALUES ('82', 'HEADING', '1557492', '1', '64', 'jBEUR00iUQzZX8yzx8Dd', '6ffa25b29551f0ff004950ee14904cfe4589d3c1');
INSERT INTO `Command` VALUES ('83', 'HEADING', '1557492', '1', '65', 'S0I8sdPp1gLflBkm1wWs', 'c3222916b5e5132c55d5efba994b33d61ebee4af');
INSERT INTO `Command` VALUES ('84', 'HEADING', '1557492', '1', '66', 'FAajGHfUhc7yDxFSPyHy', '2d2e2138b72ac85abe7fb9ee9ced3d23ff912e4f');
INSERT INTO `Command` VALUES ('85', 'HEADING', '1557492', '1', '67', 'WRWmkLGBeMqgtX1NZIf0', '077d0885fe04d74635d378c7a8ff3360103e32fa');
INSERT INTO `Command` VALUES ('86', 'HEADING', '1557492', '1', '68', 'Hc26SXTIJU09BachzaDM', 'af25d2350a4a128bbe9952ef3dbc7c99332bacba');
INSERT INTO `Command` VALUES ('87', 'HEADING', '1557492', '1', '69', 'pIQ2ZtNf7gsJsfiSmnCF', '318e1b7b3058e9960c2e97de7c96bb8271ac605e');
INSERT INTO `Command` VALUES ('88', 'HEADING', '1557492', '1', '70', 'MGv8VNYm7pk1ZZCVT8us', '330ac33d75be509e14fb5df5e812b833a34d980f');
INSERT INTO `Command` VALUES ('89', 'HEADING', '1557492', '1', '71', 'TanKGWSqvU0XW6sxbaAD', '44f7c5e9cef381cd840a0ab0881dedd5f8a0551b');
INSERT INTO `Command` VALUES ('90', 'HEADING', '1557492', '1', '72', '5rCn0TLjLzcnMjVSqlOS', '3a552a5d80ccc5129dcfceb4cd0fca0a65426944');
INSERT INTO `Command` VALUES ('91', 'HEADING', '1557492', '1', '73', 'PfyJ7JJEEmeBIG4EEIqJ', 'b2e337607d65e08e77315635afadeb88d43ef113');
INSERT INTO `Command` VALUES ('92', 'HEADING', '1557492', '1', '74', '02mSfzXzQZ4r2jnx0RIY', '4e790effa3e190b7ee0f49fbd834895694068eb0');
INSERT INTO `Command` VALUES ('93', 'HEADING', '1557492', '1', '75', 'jVs5XRHqRB4vtwJBmaTw', 'face841c25f7a388aa1192c64de2b399b2a6997f');
INSERT INTO `Command` VALUES ('94', 'HEADING', '1557492', '1', '76', 'svhvON4rnmCN7qMq2VgT', '28ae8284a910fa0e0230087df6de3b4d57e5ba24');
INSERT INTO `Command` VALUES ('95', 'HEADING', '1557492', '1', '77', 'biuTIkc4wGlVZt2zZB8v', '5b7d7629ad661cff83e7a40008ece0d452911c03');
INSERT INTO `Command` VALUES ('96', 'HEADING', '1557492', '1', '78', '6YoClaY9xcDZCgfEdWzQ', '575c6fc38f125efd2ee6f7a04800b7a64da2bc34');
INSERT INTO `Command` VALUES ('97', 'HEADING', '1557492', '1', '79', '2lMiLn5vLYHkFEyXDOOl', '5ec5ee002a301ee47cfcff4b7f25ceaa06341aaa');
INSERT INTO `Command` VALUES ('98', 'HEADING', '1557492', '1', '80', 'RFkmwJt4syRBWJst2Hbw', '59bda2dddc47543f59f9a92fb76bade00f76fe32');
INSERT INTO `Command` VALUES ('99', 'HEADING', '1557492', '1', '81', 'SpmzjorfDl68bSLbYJJm', 'c8852fdd7afc08d6d165c2d0be749661c9285e6f');
INSERT INTO `Command` VALUES ('100', 'HEADING', '1557492', '1', '82', 'ZwFoayCIHsCMwYTbKRzO', 'd2d11f0898a1a545f4b44fd838588ed80430f8e0');
INSERT INTO `Command` VALUES ('101', 'HEADING', '1557492', '1', '83', 'sZW3ycdd4F7v2c9fiFbw', '1056cf217527813cc4df65dbb164cf1f448ca542');
INSERT INTO `Command` VALUES ('102', 'HEADING', '1557492', '1', '84', '59T8J7snzPAlKx5h7uwg', 'ea3298d8475b45f11669f54d2c2cdb26ec4ef5ff');
INSERT INTO `Command` VALUES ('103', 'HEADING', '1557492', '1', '85', 'gXCfIbCLnHc7XuNCBIyH', 'f5d7d20676d923ca1857b99d01a5538607f3cce5');
INSERT INTO `Command` VALUES ('104', 'HEADING', '1557492', '1', '86', 'TTRgzmSjUTQ12qmyUlHm', '13944d68f4091b254497fdab87d07bd97bf8ccbd');
INSERT INTO `Command` VALUES ('105', 'HEADING', '1557492', '1', '87', 'ykuSIJfjsl6eXWnCigX8', 'becc66f465f0da0f04ca5a17da1a5acbeced0ebd');
INSERT INTO `Command` VALUES ('106', 'HEADING', '1557492', '1', '88', '5EdQD9sh4mFUhDrqO9ca', '27722a1bb216b4a4a2640b4db064f0140396055b');
INSERT INTO `Command` VALUES ('107', 'HEADING', '1557492', '1', '89', 'lBiGUalwXAqPWYqd1xdf', '11bd209fda76f10bd58c7f6ebe0c3cfd2d2566a6');
INSERT INTO `Command` VALUES ('108', 'HEADING', '1557492', '1', '90', 'RLc2gQ4sOhhFPELmJJ4C', '2f76eba025be04381ae925338af97f9596c115a1');
INSERT INTO `Command` VALUES ('109', 'HEADING', '1557492', '1', '91', '0L6DEsUa6QewrbKf58DL', '80a94b9b45e91106aaa7b2b16acea3e65e95df7f');
INSERT INTO `Command` VALUES ('110', 'HEADING', '1557492', '1', '92', '4tLLQp0NinlWcwDsk3yq', '39d085f597ac8588ba2dd4d1ce93b876fdd215be');
INSERT INTO `Command` VALUES ('111', 'HEADING', '1557492', '1', '93', 'EnZo2wFMjDcRtPRTexK2', '33499345f4e3b72923527293b6c2e9c2fb11f60d');
INSERT INTO `Command` VALUES ('112', 'HEADING', '1557492', '1', '94', 'p5CCJ2x6mAoaftmCjOmj', 'b0ce98889b6a36ad97a4244144a0766d36c89748');
INSERT INTO `Command` VALUES ('113', 'HEADING', '1557492', '1', '95', 'xvvY1AOqRaRoZq2atcyz', 'f7a3090efbc301642ff4e2626a309b72fea32c8b');
INSERT INTO `Command` VALUES ('114', 'HEADING', '1557492', '1', '96', 'L1YXB6LBcqH7z2Q0U9TK', 'c25f5698f3a44a1926a109ef1331d3f96bf2133a');
INSERT INTO `Command` VALUES ('115', 'HEADING', '1557492', '1', '97', 'ze4aSCjM4FqAEu9gfrze', '0abb539c6914f1b6f5969324d52857078fd50209');
INSERT INTO `Command` VALUES ('116', 'HEADING', '1557492', '1', '98', 'LcJlwIsSTaqXAgdQJ1er', 'be0e365d9b58a9ad317654b6191f5f8f584877ff');
INSERT INTO `Command` VALUES ('117', 'HEADING', '1557492', '1', '99', 'm2AGNddi0P9s3m8Vc29p', '22e0b180171442179a191260a0446f1b0b70777a');
INSERT INTO `Command` VALUES ('118', 'HEADING', '1557492', '1', '100', 'TnOmY41I1KG8phAiQ1Ko', '6003f4c8783568d83b5329dd1c8d2ffca16bdb65');
INSERT INTO `Command` VALUES ('119', 'HEADING', '1557492', '1', '101', '4qfHKsu3cBWfWcPGjm2U', '5d3bb6fbdb3e5d6ae7c419be506106203e4937a9');
INSERT INTO `Command` VALUES ('120', 'HEADING', '1557492', '1', '102', 'EitmDnwANNNDjuwdTvcM', 'a4837261244d69b5a758249343a38d6591fb61ef');
INSERT INTO `Command` VALUES ('121', 'HEADING', '1557492', '1', '103', '7iCG5fWyu9hGyOKaFr0k', 'f503089634d9aa0236d747f9416a1adaefff1b09');
INSERT INTO `Command` VALUES ('122', 'HEADING', '1557492', '1', '104', 'HDUYa3XfqVggjDOSkqSz', '02a4c71377ac9d9e8cf03e203dd9cc92d1923adf');
INSERT INTO `Command` VALUES ('123', 'HEADING', '1557492', '1', '105', '1Yui3OWohqSyop8F6Ne0', '174054cfee534d285d4c26c4640720fccb44c266');
INSERT INTO `Command` VALUES ('124', 'HEADING', '1557492', '1', '106', 'FHt1vBGr3bWSTqvK6iTR', '3071e08f3867cf69e0630d2a86b2f766426e2958');
INSERT INTO `Command` VALUES ('125', 'HEADING', '1557492', '1', '107', 'njJ9CnheT4UoytMD5xFM', 'bf03c087165603ccbf32dc605e4cb3aa73e1f7db');
INSERT INTO `Command` VALUES ('126', 'HEADING', '1557492', '1', '108', 'VUrptVju2f1RPyXgOdSL', 'a3c709c6632bf0922d2543657289fb607ae3ed71');
INSERT INTO `Command` VALUES ('127', 'HEADING', '1557492', '1', '109', 'M57qPB8qnE45Sx69HzHI', '3415614aeef53e53796b0e1a0de7b8170caaaa51');
INSERT INTO `Command` VALUES ('128', 'HEADING', '1557492', '1', '110', '3mXA0L0iESHB0Amc9I6u', 'e18c857f10f20eb7cb7cac938e6b97472645f219');
INSERT INTO `Command` VALUES ('129', 'HEADING', '1557492', '1', '111', '6QOrfeH70mQxxCK54cyo', 'd10f8f8007fdf70f4c6d2f63a4a8b3481676943f');
INSERT INTO `Command` VALUES ('130', 'HEADING', '1557492', '1', '112', '2kzsvtae4IlMJy4vPIy0', '1a1918de3847d43c493fb08c4e011826f6c4dca4');
INSERT INTO `Command` VALUES ('131', 'HEADING', '1557492', '1', '113', 'zSJY9GW00Zs0jwpX7qtX', '7ba3aa667a2fd20359d4ef90cd67983bec7fdc74');
INSERT INTO `Command` VALUES ('132', 'HEADING', '1557492', '1', '114', 'dPTDyrdgoM5MXtUljW6F', '764028a5e4e91b867d91d41b377ea91934fd2a59');
INSERT INTO `Command` VALUES ('133', 'HEADING', '1557492', '1', '115', 'b0c6xibPHgIxocC3AeMz', '0b66aedd54272d5917d8e2709905d54b7b43476e');
INSERT INTO `Command` VALUES ('134', 'HEADING', '1557492', '1', '116', 'lNx2eMLXmvchljVmfgC1', 'bd30b0bb5c9a3ff42f8cebe15e34b0e75b20c4ee');
INSERT INTO `Command` VALUES ('135', 'HEADING', '1557492', '1', '117', 'w2rQyyXAAJH4wP3DyG9Q', '8ff57e7c17d4fff61941d4862361e08ac23723ee');
INSERT INTO `Command` VALUES ('136', 'HEADING', '1557492', '1', '118', 'QWvQsKgIUDw6S7ztyVc3', 'ee5e5e337ca1c162cbf7e0a66f5494c126db47ea');
INSERT INTO `Command` VALUES ('137', 'HEADING', '1557492', '1', '119', 'jMb9xmlbRpCPBKo9GOU5', '2c840fafb336e764423699a46b7f3248c1d9d948');
INSERT INTO `Command` VALUES ('138', 'HEADING', '1557492', '1', '120', '0IaXccR4ipvR62EJgvne', '40db1bd7c76dcfc15aa7b045ea1d475b4baf0708');
INSERT INTO `Command` VALUES ('139', 'HEADING', '1557492', '1', '121', 'CNXdTiiKwIpWcOvghEPn', 'e14522ab6d8600ceb117e37ba8f6b3aa681e38a3');
INSERT INTO `Command` VALUES ('140', 'HEADING', '1557492', '1', '122', 'gARQBGwt1nw7iFsjMK2v', '41b96507470e7ea3cb6b0fdcbb4389dd111dd309');
INSERT INTO `Command` VALUES ('141', 'HEADING', '1557492', '1', '123', 'Zi82w0oDcbjK5fofSdmv', '44ddcefb34c255b0f9acacc2c34321d9d1d9fc31');
INSERT INTO `Command` VALUES ('142', 'HEADING', '1557492', '1', '124', 'x6G2bm5EDxEyVZ1cua7y', '967384de9c4187c4cc3eccf5fc2722c44b2ec848');
INSERT INTO `Command` VALUES ('143', 'HEADING', '1557492', '1', '125', 'EHSCjVfo6SE8DmWJNXAr', '59476d4798d4c5f9964fa02cd1765d7bd6786c35');
INSERT INTO `Command` VALUES ('144', 'HEADING', '1557492', '1', '126', 'h7jbFsc5FN8gRSIFTse7', 'e6f4a833d268ee401798f5c40e0acd1617233d05');
INSERT INTO `Command` VALUES ('145', 'HEADING', '1557492', '1', '127', 'Bzd66AzkUlfOGSrsIeeD', 'afb63baceb12826fd45d50d3b7639000dea3f58d');
INSERT INTO `Command` VALUES ('146', 'HEADING', '1557492', '1', '128', '5tknh9SxgKWdeVV7eEEG', 'f912ab3b864c145dea963456500506841080e0a1');
INSERT INTO `Command` VALUES ('147', 'HEADING', '1557492', '1', '129', 'WiMPsY8TQF4yL08V5Sj8', '2361c69cfd21b8441bf4838d1613c54cc377b0e2');
INSERT INTO `Command` VALUES ('148', 'HEADING', '1557492', '1', '130', 'LfnKXkUrXeMnRBIijMWZ', 'ecca4de13115b99aa0a3d7e0309561b8df2b9873');
INSERT INTO `Command` VALUES ('149', 'HEADING', '1557492', '1', '131', 'hL2VOiuloSF8tESqdFjr', '66ac4072b62c6f7f401fca3851244e581b0b0cbd');
INSERT INTO `Command` VALUES ('150', 'HEADING', '1557492', '1', '132', '9oG97w2sPgD0T9KWOTN5', 'f0cfc1761a45cfa3344dc0b096d2dae92404f829');
INSERT INTO `Command` VALUES ('151', 'HEADING', '1557492', '1', '133', 'HW06EpZuyR04qMAk9UHp', '1643cf52f806617f03938a13277c1265e7ca1b0c');
INSERT INTO `Command` VALUES ('152', 'HEADING', '1557492', '1', '134', 'Hl8mgZ618QQaQew6Um3S', 'ab6f85a6a5abf56b00bcd6926a00b301b74e90bd');
INSERT INTO `Command` VALUES ('153', 'HEADING', '1557492', '1', '135', 'RLOMUQwrrdlsSiHDXtVR', 'dad4a6a124fb9969f4d0af69bff7e3f6590ac919');
INSERT INTO `Command` VALUES ('154', 'HEADING', '1557492', '1', '136', 'hcijbaIsuvLDNE958C6j', 'b76fd7f48023fe0b8313ebf4dbbafb840b2d010f');
INSERT INTO `Command` VALUES ('155', 'HEADING', '1557492', '1', '137', '8Nb83ZmTild6t6L6UrDV', '06ec3924f7e210c1946d466d20ed3c502897fe29');
INSERT INTO `Command` VALUES ('156', 'HEADING', '1557492', '1', '138', 'MggEilxy0TASENKnM826', 'fa72d08d3c75aee24754039bc7a652a5358ee95b');
INSERT INTO `Command` VALUES ('157', 'HEADING', '1557492', '1', '139', 'yrRUdYbvQu7hoWruZ6RM', '06c163cb7d7b3ef8e04fa6d7afe4ce5188c7d8c2');
INSERT INTO `Command` VALUES ('158', 'HEADING', '1557492', '1', '140', 'fj6Arz1jhzZfOFrKDofo', '0d7682f1df4fe2613b04edaa8f3408a4bf66bb8b');
INSERT INTO `Command` VALUES ('159', 'HEADING', '1557492', '1', '149', 'y3rZ5bLagg7H4oNOZlv3', 'b5ae8717fe0de0022e09a4b6dbf874aba08109d2');
INSERT INTO `Command` VALUES ('160', 'HEADING', '1557492', '1', '180', 'j0iY83R2P1SYYSHzB7b3', '001c5dd987ac872bedba420c493b4be67e7f04b4a');
INSERT INTO `Command` VALUES ('161', 'HEADING', '1557492', '1', '181', 'XRbf24e1Fol8frBq0iCg', '6c71d0f76955ffef8ab6a7daff2c541bcccdabcb');
INSERT INTO `Command` VALUES ('162', 'HEADING', '1557492', '1', '182', 't190Q7b8sTieaOgpXmpg', 'ccc57e99e7729ce317431f7bd810665454ca78c9');
INSERT INTO `Command` VALUES ('163', 'HEADING', '1557492', '1', '189', 'FroSF9tS6rLrj4GdHeHY', 'f213951f48acc5b61f79bf90ba6cf3521f764225');
INSERT INTO `Command` VALUES ('164', 'HEADING', '1557492', '1', '192', '8ozOgLv6ZhixElH1ntWp', '72d881aca16a339fa0802c7f09844bd52da51dfd');
INSERT INTO `Command` VALUES ('165', 'HEADING', '1557492', '1', '225', 'mFAnUSCMyQIEi0krsbHz', '165a2471a5c4afbcbd3f70afec9f0e44df50451c');
INSERT INTO `Command` VALUES ('166', 'HEADING', '1557492', '1', '300', 'NeRAWzLJkLmDKOzd0Ag6', '78e2e52859160e7d487344987ca42f5ad7b49aab');
INSERT INTO `Command` VALUES ('167', 'HEADING', '1557492', '1', '301', 'Ro7Tn3RrwzvePDsZia9b', '9bb6de662f62c6e8a5724050606559a2ce4ed28c');
INSERT INTO `Command` VALUES ('168', 'HEADING', '1557492', '1', '302', 'yQHTGUdy0IKKijcffVSf', '75e2f1e336a009cc5622a6aaba4b6b622e433ab4');
INSERT INTO `Command` VALUES ('169', 'HEADING', '1557492', '1', '303', 'qPqFz43FadsMmITq6SZ2', '8f6db21d76b344440c9186e0233222ee86bd53ab');
INSERT INTO `Command` VALUES ('170', 'HEADING', '1557492', '1', '304', 'pnDTpAxsW0ura7WwFVDV', 'b3c95629a1084d1b69f3a759739519f1d4a3226a');
INSERT INTO `Command` VALUES ('171', 'HEADING', '1557492', '1', '305', 'MSI0aEugHfxWPzBf7HYj', 'e0fbe9335787615344b17172ffd088d84097de8a');
INSERT INTO `Command` VALUES ('172', 'HEADING', '1557492', '1', '306', 'nrl3EOzikCjhwafvE8r3', '7d491589b06a2b584562e501973395d25df276fd');
INSERT INTO `Command` VALUES ('173', 'HEADING', '1557492', '1', '307', 'lodATVnTO42Gb1rA6G7v', '8a9a8ca34c3526e6da6fa3d64fececedc1fad769');
INSERT INTO `Command` VALUES ('174', 'HEADING', '1557492', '1', '308', 'LaDIJhMseznQFO0CZQ4a', 'fa7e28d45398165d3866c3d062080890449ac2e6');
INSERT INTO `Command` VALUES ('175', 'HEADING', '1557492', '1', '309', 'yyhNV1SXMtRpI1SyRY1t', 'd9808a2d14fcdd87b5aeb6cbcfc69b439b78107d');
INSERT INTO `Command` VALUES ('176', 'HEADING', '1557492', '1', '310', 'd0xEjfDCS1kjg7eitMND', '7ecc6689106c6c6ca6ddef69db68abfd5829d7bd');
INSERT INTO `Command` VALUES ('177', 'HEADING', '1557492', '1', '311', 'AHyZhNmx0w7UqKaOJolL', '402a653ea82774ab6dc2e774a581b0dd60506a9f');
INSERT INTO `Command` VALUES ('178', 'HEADING', '1557492', '1', '312', 'LxjZrdM9ad31w1EOYKEO', '5729ee4d6eb25e3b33401578283d4fa5ba392006');
INSERT INTO `Command` VALUES ('179', 'HEADING', '1557492', '1', '313', 'ezOIHufUxkr972FMO4WV', '0a20039eb3ae639253f8d717f03c8c59ca22bf3d');
INSERT INTO `Command` VALUES ('180', 'HEADING', '1557492', '1', '314', 'hZrZ0xQEG9mGNfWtp9Yj', '90510bd8f3ba6294c8f40659fb7496ac130aac9d');
INSERT INTO `Command` VALUES ('181', 'HEADING', '1557492', '1', '315', 'AVpaKFSKJLj7FCVH7dT6', 'dd5dadf6fe88ad6e17558c28a0a89ce4a1c7b7d0');
INSERT INTO `Command` VALUES ('182', 'HEADING', '1557492', '1', '316', 'RDdhHt2kPnwu5oOW7WDp', 'aab4a4532ea963854c5968d83ac4f53249e33e55');
INSERT INTO `Command` VALUES ('183', 'HEADING', '1557492', '1', '317', 'h9rmfAbZGbZZZISgGXxl', '047cd2e1596ab398f797292e6a2ad495b5c2a22c');
INSERT INTO `Command` VALUES ('184', 'HEADING', '1557492', '1', '318', 'DalzGJvj6lZ00KMNwTh4', '39cbebab17ec7b1a97dfa4e02892880387aae650');
INSERT INTO `Command` VALUES ('185', 'HEADING', '1557492', '1', '319', 'UHQGIPDfZFVorFGemMRp', '43d418162f1c1b3429ae633b4d9c336222862217');
INSERT INTO `Command` VALUES ('186', 'HEADING', '1557492', '1', '320', 'aF9P87fTC8NnnP7QvhM3', 'b8a338699116d7ca9db55137849618725e926729');
INSERT INTO `Command` VALUES ('187', 'HEADING', '1557492', '1', '321', 'zDxjC93jDy8KnEESAMrr', 'dee0ea815767330dfa65824d5e1e5283f5c3b62e');
INSERT INTO `Command` VALUES ('188', 'HEADING', '1557492', '1', '322', 'R90zEOAswiFBUW5cyXju', '07d01943e085e79f64164fd075bf4035ee4b2804');
INSERT INTO `Command` VALUES ('189', 'HEADING', '1557492', '1', '323', 'k3lVTctxPsgfjw1zkHgw', '6ad9a0e30a18c8668643e1e254350785167e844c');
INSERT INTO `Command` VALUES ('190', 'HEADING', '1557492', '1', '324', 'mhjhfv0N6pCb5p9wsxNr', '75b04bc24da073e4724f6d9dd6058e78d1329449');
INSERT INTO `Command` VALUES ('191', 'HEADING', '1557492', '1', '325', '3M6AEg2R3TGD9BXpBLxe', '6f58d7283393ed500abb1de11a3edec9bd0f2e0a');
INSERT INTO `Command` VALUES ('192', 'HEADING', '1557492', '1', '326', 'NAHz467wsHaei13tW8mr', 'cb429b4474456f37f713bee318deb79fd945e0f9');
INSERT INTO `Command` VALUES ('193', 'HEADING', '1557492', '1', '327', 'p8tevJIGFbSc8c6gwBOp', '116cceaeeffd585a968d00e9bdaa4bc567206c89');
INSERT INTO `Command` VALUES ('194', 'HEADING', '1557492', '1', '328', '1M3pMRc4zvaoW0LyhVWP', '9d17f92c590aeadc15aca581c15a7bfceef569b0');
INSERT INTO `Command` VALUES ('195', 'HEADING', '1557492', '1', '329', 'MOVECPwWOti2BKC6P48c', 'cb1f2a161b872ccf8350c4d1f32340e997dca926');
INSERT INTO `Command` VALUES ('196', 'HEADING', '1557492', '1', '330', 'YjsmzFbKJh3ZtLFup2iV', 'b0c83fa5ba0c8ec2d810b9cd8d13908ec53e4d0a');
INSERT INTO `Command` VALUES ('197', 'HEADING', '1557492', '1', '331', 'BiYcJrmONveUz9bEXIRN', '7219ce8145b64c338204b0b19c95cfdada8be85a');
INSERT INTO `Command` VALUES ('198', 'HEADING', '1557492', '1', '332', 'J7dYfjLaRC9d5dF94mkL', '622ae5e72325b68b064f65919d27e4a9698fa600');
INSERT INTO `Command` VALUES ('199', 'HEADING', '1557492', '1', '333', 'RfsrSOHyaAcdQbCTyyud', '12499dd7af9001712f414d63cabc21654efb75cf');
INSERT INTO `Command` VALUES ('200', 'HEADING', '1557492', '1', '334', '9CjvUnHGyWE4aIsA6NRX', '48b5e2e67e9ce35707c7206d2ddd1a6a5a70fcd7');
INSERT INTO `Command` VALUES ('201', 'HEADING', '1557492', '1', '335', 'fakDTdgbnMZysedvM48B', '16700e85c4c40212d225f2ae557b2646e104fc67');
INSERT INTO `Command` VALUES ('202', 'HEADING', '1557492', '1', '336', '7WeMQEElp9fQRN8e2pZp', '09344e06eafa96a8c05cc0cb2191454b4b3e35db');
INSERT INTO `Command` VALUES ('203', 'HEADING', '1557492', '1', '337', 'feWqG04KHKfYfSOXudvu', 'e77cefa1059b71eca79c020034c5e3fcfef7f519');
INSERT INTO `Command` VALUES ('204', 'HEADING', '1557492', '1', '338', '3ILc1nZlQ7mCpqHKO6wV', '5c886d43ef77c898a62200d8660213f5f229bd52');
INSERT INTO `Command` VALUES ('205', 'HEADING', '1557492', '1', '339', 'aJjsag9dNPw8kp8GzxcB', '2dd99ad08dcf54b67d7c2a7f3005348892178611');
INSERT INTO `Command` VALUES ('206', 'HEADING', '1557492', '1', '340', '2C5C3feNb1cEWul5IbzW', 'aafedbd60445b1109f6bf12327c67e81f718edd8');
INSERT INTO `Command` VALUES ('207', 'HEADING', '1557492', '1', '341', 'tRzsEyaNGVvK1GdIbC9k', '9403f5cd83892272e441d6d60611562c1453e07c');
INSERT INTO `Command` VALUES ('208', 'HEADING', '1557492', '1', '342', 'bo7icGdy85927k86ogpp', '50699e28cb62feba137fbc71c91a71d418111865');
INSERT INTO `Command` VALUES ('209', 'HEADING', '1557492', '1', '343', 'i2YGraLA3qquZfwDziIo', '246a6ec0a35aff1ed0ab443e23f2b4f005d6e323');
INSERT INTO `Command` VALUES ('210', 'HEADING', '1557492', '1', '344', '7e73ifUa4dBaxLWKdYfe', '1ce44cc1814863b3a8e9f82395ea3c05d20d6edf');
INSERT INTO `Command` VALUES ('211', 'HEADING', '1557492', '1', '345', 'lDBSteZ2ye1AxkrmS9nq', 'ea76b56b09cad956e2399d6d8d1e40baa3bd8168');
INSERT INTO `Command` VALUES ('212', 'HEADING', '1557492', '1', '346', '3dvAYaFRw5owzKUSgtTP', '07aabc8d11bfbb114fc367b5408e2e0f53cbc5c8');
INSERT INTO `Command` VALUES ('213', 'HEADING', '1557492', '1', '347', 'tj804SlNojfhm7tn7JpB', '2059f8a6f151e59fe15b41ed9717756172704de9');
INSERT INTO `Command` VALUES ('214', 'HEADING', '1557492', '1', '348', 'WAGVMoOOAsBBfqmXoHNM', '8b9d9ed66c2a3689bdacd0dafec69033b48c1308');
INSERT INTO `Command` VALUES ('215', 'HEADING', '1557492', '1', '349', '618owFSocyDhu63L9nUD', 'cbf3f17b22f1809ffa3588b0322917d7804f4308');
INSERT INTO `Command` VALUES ('216', 'HEADING', '1557492', '1', '350', 'IkUyJU13IfpV4to6Xqlf', '639a56de035599798bbac79a9c5277355ed66a23');
INSERT INTO `Command` VALUES ('217', 'HEADING', '1557492', '1', '351', 'KyWO893b5HnBcyPZc5WZ', '12a80ee4fa1c11bee1e51e766b1349a0beccf455');
INSERT INTO `Command` VALUES ('218', 'HEADING', '1557492', '1', '352', 'KEolyLZEaTsRTWsGTST2', '2dac575f0d180391bc4673f6d1dd207bbefdff71');
INSERT INTO `Command` VALUES ('219', 'HEADING', '1557492', '1', '353', 'XzGIvZTApHI2FhSeWobg', '17e6992cc642caab56faa035ada4fe089bb1ec50');
INSERT INTO `Command` VALUES ('220', 'HEADING', '1557492', '1', '354', '7CI4CuKanDHLqagrIyAq', 'c3af5dfd028081da1e7ab4cdd26f48807b076a42');
INSERT INTO `Command` VALUES ('221', 'HEADING', '1557492', '1', '355', 'f90zmvChRmYVxfWX0Jen', '5672652530111e1910d6826d5f2b3413086a7103');
INSERT INTO `Command` VALUES ('222', 'HEADING', '1557492', '1', '356', 'Y0B5qA0CcEtsZ9Tajun0', '9c675567ab45ddad4d96e4acf5c9c702f4b19078');
INSERT INTO `Command` VALUES ('223', 'HEADING', '1557492', '1', '357', 'IvH1V05jIHbqshWBq1YT', '7ae232ad1ab20f47da9ba7992809319d82600436');
INSERT INTO `Command` VALUES ('224', 'HEADING', '1557492', '1', '358', 'vbLGZMZjXkn2jLAN5GAa', '5266b86527eabfd3136c8aec4894efaf1a382f39');
INSERT INTO `Command` VALUES ('225', 'HEADING', '1557492', '1', '359', '2vhpxvaA3ad80k9I0pV3', '43a078d4d9623da1af1387f517b908eb8ea82539');
INSERT INTO `Command` VALUES ('226', 'HEADING', '1557492', '1', '0', 'Qoe9Kc8rkfYkMbw70VgH', '6bf1ac54bbacd064c0554532c1f84fe36b9ab95f');
INSERT INTO `Command` VALUES ('227', 'SAIL', '1557492', '1', '2', 'D185DVy811mf2t5Ez9Wd', '904cbbd9af9b53d283c063ba0de89641d2ebda46');
INSERT INTO `Command` VALUES ('228', 'SAIL', '1557492', '1', '1', '5C0f8PZIfNozAXIZJcs2', '2a4c8b61e74d852feac48c51c931e9578437c3c7');
INSERT INTO `Command` VALUES ('229', 'HEADING', '1557492', '2', '0', 'ile4wk5V3YJg5EXDAGSs', 'c1c00160324154638e9cca597a0f019af45c1328');
INSERT INTO `Command` VALUES ('230', 'HEADING', '1557492', '2', '1', '8GAEm1y9whkgjlMMbaW7', 'e1a7c7537e128b2bbceb602855a3831d62b030a7');
INSERT INTO `Command` VALUES ('231', 'HEADING', '1557492', '2', '2', 'RwTPcGIXmc25PpGMRppj', '42ce908fa796e9053a84242ab94b3e0bd9d4a312');
INSERT INTO `Command` VALUES ('232', 'HEADING', '1557492', '2', '3', 'PgtiyNS3Y5hVvGfEd7qT', '54a334f8c721ed80b6efe40c760ecf640eb267e4');
INSERT INTO `Command` VALUES ('233', 'HEADING', '1557492', '2', '4', 'zAIYzClLrgiQCFkmM7Zk', '72097757dd76f61f83c69c36d9cdbe80051f6d12');
INSERT INTO `Command` VALUES ('234', 'HEADING', '1557492', '2', '5', 'KkyJxZLPv4c4QsHVT02g', 'fbb56edac64e05fb67760efbc329aab61d2019f8');
INSERT INTO `Command` VALUES ('235', 'HEADING', '1557492', '2', '6', 'KNy6HaOAtAeT5B6EXcux', '3d87dc99548d6da83bdd8f7d56b1d693145fd232');
INSERT INTO `Command` VALUES ('236', 'HEADING', '1557492', '2', '7', 'yhkVexqXpJAZgOfM5gQW', 'a4e56936666dd30f83ac9204be8403ab1dff95d3');
INSERT INTO `Command` VALUES ('237', 'HEADING', '1557492', '2', '8', 'FxkRdZRr1nyhG1XDnPS2', 'd8c2e203906161e84331e4850318a9755927ec5f');
INSERT INTO `Command` VALUES ('238', 'HEADING', '1557492', '2', '9', 'VYnNhTzchH8oE4fuZ3q5', '3f813592fe7225fbed67208d0f30d7719f59856b');
INSERT INTO `Command` VALUES ('239', 'HEADING', '1557492', '2', '10', 'BT2A4WgEG4kkYCqvGCcr', '86b99cf22a735d4d7ed73319085dfbbde35eaad4');
INSERT INTO `Command` VALUES ('240', 'HEADING', '1557492', '2', '11', 'r5KGzQCPrWNDFbBLU4Jd', 'ec60868eac04d1141d88ad5fe8f6e094b5f1a691');
INSERT INTO `Command` VALUES ('241', 'HEADING', '1557492', '2', '12', 'Qc34vHGglnL8qQeAgUcu', 'e84405c7db37dfba814df6d9bb953f5f015383be');
INSERT INTO `Command` VALUES ('242', 'HEADING', '1557492', '2', '13', 'JlqZfQX1CsHb2QYWhRiy', '1003edf40e95120c77f717892e9cbc9367e5edc8');
INSERT INTO `Command` VALUES ('243', 'HEADING', '1557492', '2', '14', 'uyba7vMtIojfDCy8rgyA', '7855a47b31c3495ff9bcc7330befb35973f1dd03');
INSERT INTO `Command` VALUES ('244', 'HEADING', '1557492', '2', '15', 'ibk3uAJTVRhMfd3p5J7q', '255395df5f996efbf53695a79cdfb4f52eec95d7');
INSERT INTO `Command` VALUES ('245', 'HEADING', '1557492', '2', '16', '8yWVXbWIIpAKnJsMw19A', 'b17ff7220f981b51b6bb6b3ad986f9f5af3a0a41');
INSERT INTO `Command` VALUES ('246', 'HEADING', '1557492', '2', '17', '66wPUYuKZwrv5IWFWZb6', 'a78560c9306b1516830a1eab52edf16e9b1263f8');
INSERT INTO `Command` VALUES ('247', 'HEADING', '1557492', '2', '18', 'PvNgWbOPI4HRApU0Lz34', 'f319281fcbb5620cdaadd155f2f35ddd67d473af');
INSERT INTO `Command` VALUES ('248', 'HEADING', '1557492', '2', '19', 'YRSX2R6y1uP9PmhFJyq4', '9df3aa437a9d9f2c5a141a465bbefa7264dc8348');
INSERT INTO `Command` VALUES ('249', 'HEADING', '1557492', '2', '20', 'xVQ1GELBY8LF4YiUIEBL', '8c831b99faef252b30799fe45c28e0c4e1485015');
INSERT INTO `Command` VALUES ('250', 'HEADING', '1557492', '2', '21', 't68VWOtSP2Nzbg4Ali1I', '19d0e40a47123e8632d7ce13193072b8f60629b9');
INSERT INTO `Command` VALUES ('251', 'HEADING', '1557492', '2', '22', '3jOUFocYzbtfbCGyFAuc', '7fcc0bc9c277e6dad6d74e5567b6b26cd1a82805');
INSERT INTO `Command` VALUES ('252', 'HEADING', '1557492', '2', '23', 'vaUqviP6hRz2C8S301rn', '36a760f358300efbc4d7f6d46212357e01ab5eae');
INSERT INTO `Command` VALUES ('253', 'HEADING', '1557492', '2', '24', '7s4llhe2dBnQAm9cnCiL', 'f4c532c56b89f70bafcf973d8940177b36372928');
INSERT INTO `Command` VALUES ('254', 'HEADING', '1557492', '2', '25', 'DveMdV11QddMk4sQa6SU', '9d33e62fccc4ce571937b6e0541001ad37187ccf');
INSERT INTO `Command` VALUES ('255', 'HEADING', '1557492', '2', '26', 'rWKf785UsO7HpDOSjN0c', '4ce95328ff70ebc9db3dc99c2acbff36a2305059');
INSERT INTO `Command` VALUES ('256', 'HEADING', '1557492', '2', '27', 'oQhoTFWE5lMLCfSxEMOS', '1bdc2fb3b81ff6cb087a5d8ca69b963c233dc869');
INSERT INTO `Command` VALUES ('257', 'HEADING', '1557492', '2', '28', 'mGtIXHEoK39G4bXgeciS', '3ba90c3e431fd9400222a16d1117243ac4d08a3a');
INSERT INTO `Command` VALUES ('258', 'HEADING', '1557492', '2', '29', 'pmZSQiWbXC5tdu304vEE', '70cecc046ebfa67b162982f818508ad4545c01f3');
INSERT INTO `Command` VALUES ('259', 'HEADING', '1557492', '2', '30', 'eoAg5CBLfm3eHjrd04Bj', '57a047bcf1a9aed9fa7475bc66c3bb7ca56f808f');
INSERT INTO `Command` VALUES ('260', 'HEADING', '1557492', '2', '31', 'lmYdrhVcdz8FArhPQ1bK', '32dbf836bc575dc13f1990dafb565bf21f8a563e');
INSERT INTO `Command` VALUES ('261', 'HEADING', '1557492', '2', '32', 'ysurnl6ydZcfSi3aYqyi', '183217966a7d5e55b52f322072c38d6d093b57bb');
INSERT INTO `Command` VALUES ('262', 'HEADING', '1557492', '2', '33', 'cBvZdq6TBgkq9ZxWK5OW', '43ca408fb15bca3e5c7f886b8d395d805b051084');
INSERT INTO `Command` VALUES ('263', 'HEADING', '1557492', '2', '34', 'e9YVl6LWdsPWDeEALVWr', '5ec57aea2155882becc9c3bd8deaa8506ef6245e');
INSERT INTO `Command` VALUES ('264', 'HEADING', '1557492', '2', '35', '2zu69uZk8BsBqL513tdy', '449fc2d73a5c1f3ab8c29d5183970e4d05b9819c');
INSERT INTO `Command` VALUES ('265', 'HEADING', '1557492', '2', '36', 'VeLnWyB666dUUCDcgyVM', 'f09812bf87a36db6b63f0df92d90bda14ba76367');
INSERT INTO `Command` VALUES ('266', 'HEADING', '1557492', '2', '37', 'dlRs4paar6lNjpNIfEgu', '4a5f9e5c079aeea7e505d7face504b529f47e290');
INSERT INTO `Command` VALUES ('267', 'HEADING', '1557492', '2', '38', 'KEByxivYUyM3RfsFUZ0j', '17c272d3c7720c74f9c9a3821967d733d91186f7');
INSERT INTO `Command` VALUES ('268', 'HEADING', '1557492', '2', '39', '7Oc4sBqXOaru8b6FE1aM', '44fca6cacda225b9ea017ef3a13ee977f59749ce');
INSERT INTO `Command` VALUES ('269', 'HEADING', '1557492', '2', '40', 'VWq30SE63tEaABmPW2e8', 'b55a6d6abfa8c1e1b5ad614d42b8e655dd4c1d71');
INSERT INTO `Command` VALUES ('270', 'HEADING', '1557492', '2', '41', '35NnG4x89uVdcz3CtmOV', '3c59408d9dd1937773fc8c8172ad5f19ee49baf0');
INSERT INTO `Command` VALUES ('271', 'HEADING', '1557492', '2', '42', 'pdSeCIGzaeA03HhESWk6', 'fafa19d47b08cfa3ea66c5ce9578c987de0780bb');
INSERT INTO `Command` VALUES ('272', 'HEADING', '1557492', '2', '43', 'bside9GiJWOi7JnGsR5V', '9a9fc1977d5ea6401984937bff37a57d252a3302');
INSERT INTO `Command` VALUES ('273', 'HEADING', '1557492', '2', '44', 'PpbZ7aL9b18GkbljnYei', '5695e34ee12889bdf458f0f19dce2eebad35554f');
INSERT INTO `Command` VALUES ('274', 'HEADING', '1557492', '2', '45', 'ET2wrNHzJiP0U8HYXZB2', 'a37a44745cb669c2f57aa6adf009444cdbe0e808');
INSERT INTO `Command` VALUES ('275', 'HEADING', '1557492', '2', '46', 'RgkCaIuSve59SJq5fQBy', '09c95adf291300b8ed7180bdebd272329b66cded');
INSERT INTO `Command` VALUES ('276', 'HEADING', '1557492', '2', '47', 'y0lNGRa3lIodtCq9W5DF', 'e216f9e03681de126c192a1242f6390e67720288');
INSERT INTO `Command` VALUES ('277', 'HEADING', '1557492', '2', '48', 'w7wzEI3SPHDfE2q64Pr2', '0b1c555101f76a7db12ea80292184f627faeeb1e');
INSERT INTO `Command` VALUES ('278', 'HEADING', '1557492', '2', '49', 'hz2SsxkPll9iaf2bodR0', 'b61745de5dec53598424b59a9436fcfa5af53db5');
INSERT INTO `Command` VALUES ('279', 'HEADING', '1557492', '2', '50', '97mW0akfz9upaq9ezEJH', 'faec6fd3427d3644b16bb9b19f3651372e4a22a9');
INSERT INTO `Command` VALUES ('280', 'HEADING', '1557492', '2', '51', 'Ty9CXzUwDlHKeXqcqB0f', '70415270627937c1d68e564602cabfe0ecf3edeb');
INSERT INTO `Command` VALUES ('281', 'HEADING', '1557492', '2', '52', 'Cnj5odg5pYtjZVrEH9BD', 'cb3da3f825129c134d54a11153495e5caa7da0be');
INSERT INTO `Command` VALUES ('282', 'HEADING', '1557492', '2', '53', 'Zh1nnBHwaj6KxNeKbC6A', 'd4e9dee7a2196ff43a13fdf225d0faf64c75d072');
INSERT INTO `Command` VALUES ('283', 'HEADING', '1557492', '2', '54', 'hx4k78TRMH1UorePkFjJ', '7a819a8d6fde685964e2315c8d527656af2f7f03');
INSERT INTO `Command` VALUES ('284', 'HEADING', '1557492', '2', '55', 'fKRejUgymjMMwWG2TMPm', '941827ffad5415374205a19456504d8315431998');
INSERT INTO `Command` VALUES ('285', 'HEADING', '1557492', '2', '56', 'tediYMG67o5dozc69Lcv', 'c1ab28637bd52e54bdc5de9571b81ffa948e1db8');
INSERT INTO `Command` VALUES ('286', 'HEADING', '1557492', '2', '57', 'gRO5QbHENM7pmyV39f4L', 'c7c5c75304f8b271c377f5176446ff155da1815b');
INSERT INTO `Command` VALUES ('287', 'HEADING', '1557492', '2', '58', '531k1wIV2Yo0mD1NtfeV', '07e17556538766048d4feb3c93b12128e4fc5836');
INSERT INTO `Command` VALUES ('288', 'HEADING', '1557492', '2', '60', 'odUGgGQC3SnMwKNUvRta', 'ffc768f7cf2a9c5346371cb044e65e61461c9b71');
INSERT INTO `Command` VALUES ('289', 'HEADING', '1557492', '2', '61', 'UUpUprdSv608NCPhKPD6', '630a6c5ff94978734213e7b19ae34736dbda9b26');
INSERT INTO `Command` VALUES ('290', 'HEADING', '1557492', '2', '62', '9zdiBrQ4quaJxbNxcytx', '9f90f19dffab1c4780731dd1b672b7a8b3f92b76');
INSERT INTO `Command` VALUES ('291', 'HEADING', '1557492', '2', '63', '4kIg3Exq33ii7hEvcmn2', 'd6fc18d7ca4cf69cad108ee8b49ed299a0f39b36');
INSERT INTO `Command` VALUES ('292', 'HEADING', '1557492', '2', '64', 'wkJ5T4KOptZmTxIgSBdz', 'b1cb1d279642d9cf40215e30775b38c5e9bf282a');
INSERT INTO `Command` VALUES ('293', 'HEADING', '1557492', '2', '65', 'dlQWbztLOuMVdL9qeoFX', 'dab31d7ededa14c6f1bc8c086d0e963bc3c48f32');
INSERT INTO `Command` VALUES ('294', 'HEADING', '1557492', '2', '66', 'cmbSvfkLpHOvWLBhyTYR', '8bf10af01e287c52a92aac46d7bcb2e6d084a5f2');
INSERT INTO `Command` VALUES ('295', 'HEADING', '1557492', '2', '67', 'Gb856bejIqVCu1WeKHRL', '5ad687a76a3a5884ff0c568e8811cc7d5008bdbb');
INSERT INTO `Command` VALUES ('296', 'HEADING', '1557492', '2', '68', 'sm4e8yNAd3IPcKmW9GLS', '2e0ac5826563a0ddb1d63eac2ead67825dc45aba');
INSERT INTO `Command` VALUES ('297', 'HEADING', '1557492', '2', '69', 'HYWqjJ0skVTwkRnFTilL', '78d782f13cb405e1ba28a14c9ed294f3fc470a18');
INSERT INTO `Command` VALUES ('298', 'HEADING', '1557492', '2', '70', 'b6w8bkaAiqrNgjalLhA5', '50eb364e549a935fa2e7a21af25d46f8b6e11800');
INSERT INTO `Command` VALUES ('299', 'HEADING', '1557492', '2', '71', 'YZ0xSdio62XFXa1Rtk1y', 'f5421c9fbc8d09f62bd73b0b9914767c17373a74');
INSERT INTO `Command` VALUES ('300', 'HEADING', '1557492', '2', '72', 'LXF4unLUy6f0Pte8BP9d', 'e6ed6a0922fa04fc0cf8bee8548f588f598307c9');
INSERT INTO `Command` VALUES ('301', 'HEADING', '1557492', '2', '73', 'RnkWiXVgLaII1onR1y07', '286c8cefb998f447f51d2dda6c3b99f04343ec6d');
INSERT INTO `Command` VALUES ('302', 'HEADING', '1557492', '2', '74', '4Gwh70b5KRa2FPOmbBDX', '2ca97cbc67551aab7bc214eddfd9b35b4687f738');
INSERT INTO `Command` VALUES ('303', 'HEADING', '1557492', '2', '75', 'm923EhcRFuTaOaYmjdDJ', '0fc5d99edbec498a973cd93055bde04dcbb9c47d');
INSERT INTO `Command` VALUES ('304', 'HEADING', '1557492', '2', '76', 'SKI5JRZa834gGGpAL4zf', '291bc0f1a3f46d20dc25d07a4887dcce21942acc');
INSERT INTO `Command` VALUES ('305', 'HEADING', '1557492', '2', '77', 'x3tawy3FWxgIaTsZEujB', '8cd3462579b5215ea86799420fb8a6b28493b463');
INSERT INTO `Command` VALUES ('306', 'HEADING', '1557492', '2', '78', 'rzCkOyVQ5zpbCXeziVfs', '92e4f0e8e7a192723c33d69bb1788b271d5e7264');
INSERT INTO `Command` VALUES ('307', 'HEADING', '1557492', '2', '79', 'Dy8km11N5W0XhfVoYA5W', '766a7deec45cef22bc05fec2e445d2a8b831688e');
INSERT INTO `Command` VALUES ('308', 'HEADING', '1557492', '2', '80', 'JdVFi4puFdRlNtzN6gHS', '22d99c21b018b40358b03132b9cbe020038a355a');
INSERT INTO `Command` VALUES ('309', 'HEADING', '1557492', '2', '81', 'WAVHfzcPZqQiIQVZUqgt', 'ca3dca524171a595d66520afa1868411ac952c9b');
INSERT INTO `Command` VALUES ('310', 'HEADING', '1557492', '2', '82', 'lL5VUUyhU5OmXJAz1pE2', '2b10db5c7fca1a6ad8513bf2d159b80f3f310c96');
INSERT INTO `Command` VALUES ('311', 'HEADING', '1557492', '2', '83', 'wdVm4tbhiWbLFagMfaqd', 'a77dafc519f633be3af903345a4e7891ba8c0966');
INSERT INTO `Command` VALUES ('312', 'HEADING', '1557492', '2', '84', '7Gbz4Em5iAbAWzFlO3pL', 'd08fd4ba6a7a6c3fcc1dd9b2a2aacfac1429cfe9');
INSERT INTO `Command` VALUES ('313', 'HEADING', '1557492', '2', '85', '9czT8yRxXf2fMYNGfmE5', '187b87768060431eb8bb831dd344011a88ad5b15');
INSERT INTO `Command` VALUES ('314', 'HEADING', '1557492', '2', '86', 'EEv0H7unolWOjSPKH4AA', '468d6e8edd47c2bdebbee6dbe08323c48888f25e');
INSERT INTO `Command` VALUES ('315', 'HEADING', '1557492', '2', '87', 'Pm3S1W2LkgTPoGnD9q0O', '8009b4c3e172523d5b8e206fc78cc900fc0a138f');
INSERT INTO `Command` VALUES ('316', 'HEADING', '1557492', '2', '88', 'I9WDZjTy5aIYMr42qwcC', '37297b0b9aab73f4b7784a2c8f5f24588c37a50b');
INSERT INTO `Command` VALUES ('317', 'HEADING', '1557492', '2', '89', 'teUYJv5Y9cPUpknzMpZk', '35f2aa76a9f79b6bfadc2abc9c87f76e36dfcefa');
INSERT INTO `Command` VALUES ('318', 'HEADING', '1557492', '2', '90', 'QQRzBM9OXPUbCTJQ64o2', 'ef39b9fb27fca0f0f558cd4b7feabc32a0074b34');
INSERT INTO `Command` VALUES ('319', 'HEADING', '1557492', '2', '91', 'vA1MZk9MdoqVMftHD3pU', '2cb72f026aef192133a7251a703af45fc951aefb');
INSERT INTO `Command` VALUES ('320', 'HEADING', '1557492', '2', '92', 'rDPr2G5JpLlx0zsUsZ5l', '1967cb1ecb54adec2250f8cde2b2e8793ef5e9fb');
INSERT INTO `Command` VALUES ('321', 'HEADING', '1557492', '2', '93', 'WpMhR89bUSX2puPUiGaX', '7baaed2514777c1b119bd9ca9e0414728547550e');
INSERT INTO `Command` VALUES ('322', 'HEADING', '1557492', '2', '94', '6Wty8kt6OMcCbbBpqiYw', 'ae417d25002b2272baf683ff3acac697530c09e1');
INSERT INTO `Command` VALUES ('323', 'HEADING', '1557492', '2', '95', 'yaBgMOmogKEJ5QTlqlDt', '44ac4913ed9f05e2eac06328a3b488ad1a8f4c75');
INSERT INTO `Command` VALUES ('324', 'HEADING', '1557492', '2', '96', 'lN1RP9wxRgKSWrIXV6E5', '4e9fd9efddb22e30618824d9f040f1530c49b805');
INSERT INTO `Command` VALUES ('325', 'HEADING', '1557492', '2', '97', 'tklCQg427aJ71MIXX6g7', '3265f8c9a59738bfc039b2c17ebd35ddc7b1c6b7');
INSERT INTO `Command` VALUES ('326', 'HEADING', '1557492', '2', '98', '0JND3xwQNO6PGs5Ij4jj', 'ede089cb4cb98750d7604a7a3522325ced3dd1c0');
INSERT INTO `Command` VALUES ('327', 'HEADING', '1557492', '2', '99', 'lGgNAIxBd14Tu0yj2dxS', 'fa7d070543723b147603dc08cc9df3ebfd4efc47');
INSERT INTO `Command` VALUES ('328', 'HEADING', '1557492', '2', '100', 'Jt5agsajmZ6ctTgPSydG', '1fa87d719871b3cb53f9ae54133ef4f8240f3cbb');
INSERT INTO `Command` VALUES ('329', 'HEADING', '1557492', '2', '101', 'x8m6KDxSISlVPpzhQtqI', 'db634a5d733391f1df5a763e06b13ccf6056bac7');
INSERT INTO `Command` VALUES ('330', 'HEADING', '1557492', '2', '102', 'mCGwXog3ulNopBhgvt58', '01c315edfad3219a55d3f17f0fb9043d7a20340c');
INSERT INTO `Command` VALUES ('331', 'HEADING', '1557492', '2', '103', 'f00ykI3RIZcqawcmEn99', '0dbdfb0407e2cf10577c677bea1a20964e742a07');
INSERT INTO `Command` VALUES ('332', 'HEADING', '1557492', '2', '104', 'aWThMH8vyV4umSRvNzSc', '7b151b0455c8be83b96ad264b76eed2f7057483a');
INSERT INTO `Command` VALUES ('333', 'HEADING', '1557492', '2', '105', 'THnDDPGV1cNX75RMpfKf', '5d808a05ae6a1ad477cccfa7f25a3093eb22deef');
INSERT INTO `Command` VALUES ('334', 'HEADING', '1557492', '2', '106', 'jj6SPeUjF2Kj4uaKBsJq', 'eaf7f7c84a702c4fe8c078678ac75cc187eba38b');
INSERT INTO `Command` VALUES ('335', 'HEADING', '1557492', '2', '107', 'qg9lgdtkit7sqqSG13YO', '6c9567b24542b13716d22ec286b03abe65ffe8d9');
INSERT INTO `Command` VALUES ('336', 'HEADING', '1557492', '2', '108', 'tXl14ef6Aj7yIlnlleXA', '68c61a2e8ce01d86cae259e248c20abf5471eee4');
INSERT INTO `Command` VALUES ('337', 'HEADING', '1557492', '2', '109', 'Q0D8OfmRImFrfiXCFRTZ', '302fe2762ac3367e1ba321da008bf96ebc0c9db0');
INSERT INTO `Command` VALUES ('338', 'HEADING', '1557492', '2', '110', 'nXjk1lCwlx7wS7l1CWNp', '948a130c22ca3d7da548b5584b1c1d72e147ee39');
INSERT INTO `Command` VALUES ('339', 'HEADING', '1557492', '2', '111', 'ONbT4qMtS3iM60O8MZcT', 'c8624cf49fe0af2666ae286c739353eac140b21b');
INSERT INTO `Command` VALUES ('340', 'HEADING', '1557492', '2', '112', 'fp08N5hNZ2q445Gbufxj', 'abde3ad6a789a9c8a822fe917ebcc97366451e7d');
INSERT INTO `Command` VALUES ('341', 'HEADING', '1557492', '2', '113', 'DcYPLN7KwW11D2WljZRU', 'c0b0a9b699288e6a719e1d813d78fa033b74e497');
INSERT INTO `Command` VALUES ('342', 'HEADING', '1557492', '2', '114', 'TIZNNhHx3X9NVNdGotfa', 'e82445d87d6ac361c37671f3f4383915aea0b964');
INSERT INTO `Command` VALUES ('343', 'HEADING', '1557492', '2', '115', 'tZ0YQgjyzuAi8Id8VrCO', '9ec36f45bcf63adb7548194dc8a37d699266efc9');
INSERT INTO `Command` VALUES ('344', 'HEADING', '1557492', '2', '116', '42Bdr4vfp6kxtc2LCScp', '0879d0ff2eefb7d7b5d78d6ea58ebc5fb83c9c75');
INSERT INTO `Command` VALUES ('345', 'HEADING', '1557492', '2', '117', 'A9ErX3epyQkmZ9pka4P6', 'a0b9fd2dbd860759510d559b6c92f977bbbb0f8e');
INSERT INTO `Command` VALUES ('346', 'HEADING', '1557492', '2', '118', 'sA587aAOKqPcR75ck4Un', '650adc0842db9332159b0b254cf90ba2b5c782e3');
INSERT INTO `Command` VALUES ('347', 'HEADING', '1557492', '2', '119', 'EcdrdqyTqyIGaG8n1wVJ', 'd113fb90aaf4067fe4d43380baa0b318e590a6d2');
INSERT INTO `Command` VALUES ('348', 'HEADING', '1557492', '2', '120', '9NXszLrgEoxTUKd7QxNS', '88f9661c3bd403e9f31254844e86d6ef57ddab1f');
INSERT INTO `Command` VALUES ('349', 'HEADING', '1557492', '2', '121', 'hmLScOQ5TLDQrjOfXzTk', 'f9db5f7e976f8971945f5b5d3a15c1b47b66cafc');
INSERT INTO `Command` VALUES ('350', 'HEADING', '1557492', '2', '122', 'CluDkw9FqS6XL9aBGA8U', '1d10b72b032ca3fe46b25d8f235f389e687b2ada');
INSERT INTO `Command` VALUES ('351', 'HEADING', '1557492', '2', '123', 'EkbcVWY7Qafur3uZlMcf', '42ef68147a8bc6898af1f7b62b1640acbf9582bb');
INSERT INTO `Command` VALUES ('352', 'HEADING', '1557492', '2', '124', 'Go8JfgFZZ6d2vMOHTVog', '7a89e8b4990ed4355df4941c2aea7d0016e247ac');
INSERT INTO `Command` VALUES ('353', 'HEADING', '1557492', '2', '125', 'c0fb97JqGBHLrxNVWJIf', '5a6edce086caf595c625c5b8acd6ab6c85401066');
INSERT INTO `Command` VALUES ('354', 'HEADING', '1557492', '2', '126', 'dYoKyrJSblJNWKp8jYAM', 'd38ea39fd577a177c2058f040a3d9c8c682a1186');
INSERT INTO `Command` VALUES ('355', 'HEADING', '1557492', '2', '127', 'YXYZD2VRNnNbHtbT6OUj', 'bc2d7541883ea327177e36ac55e9659d9c441fe1');
INSERT INTO `Command` VALUES ('356', 'HEADING', '1557492', '2', '128', 'GJIyjPrFnXdiRE4ogkUl', '5b89a7c48c064fe3bd0cbdc892fa1ba9b6ea8fa2');
INSERT INTO `Command` VALUES ('357', 'HEADING', '1557492', '2', '129', 'M98YtdGdnpULmSLRczIa', '0b327e73e90f03b969e13dcaf9b9cb36c6758ceb');
INSERT INTO `Command` VALUES ('358', 'HEADING', '1557492', '2', '130', 'pIQXRnOFyK98OzB5WAZZ', '2e71d5c9ec4ebedaf84d39a7e9f3f53c0e17796c');
INSERT INTO `Command` VALUES ('359', 'HEADING', '1557492', '2', '131', 'sBS1FoUUFN2PYYLq54Hc', '49500b667cf4d4b9d51d6b30347f593ecdebaa7a');
INSERT INTO `Command` VALUES ('360', 'HEADING', '1557492', '2', '132', 'OZZBSR9ZM27UxDUTbya5', '77aabe2a116ecee631cd31f39e8be60ae85e8535');
INSERT INTO `Command` VALUES ('361', 'HEADING', '1557492', '2', '133', 'RngRlOarwSHZDo3DaYmr', '259bc2d20002d5e583d3d456c0ff44ec4a9babc9');
INSERT INTO `Command` VALUES ('362', 'HEADING', '1557492', '2', '134', 'Q27TesgPvw9nUhlsLHP4', '7aa6cf28156af9d40ac7c407c16541605551e20b');
INSERT INTO `Command` VALUES ('363', 'HEADING', '1557492', '2', '135', 'zuHEX0wKTG4rMC9BWL6g', '1746a145424f0fe17aa71762c1e4c3ba807c8ec8');
INSERT INTO `Command` VALUES ('364', 'HEADING', '1557492', '2', '136', 'uNp9EsfMqpTtrZyE62zF', '84ec94c53fc3791bf9d4b908bdf298c158228ae5');
INSERT INTO `Command` VALUES ('365', 'HEADING', '1557492', '2', '137', 'txmoscm5PKS8AH6cgibM', 'abbb699f87bae9c294149e6c3d4f6918da3fad8e');
INSERT INTO `Command` VALUES ('366', 'HEADING', '1557492', '2', '138', 'QjaN8rSRfumcEKffv8Kv', 'df0424f973a2117199ae5234545dad7106f40243');
INSERT INTO `Command` VALUES ('367', 'HEADING', '1557492', '2', '139', 'hgDPa83OqtS8YwQ8loo7', 'cdbdd0493b290188958bac2a57de66a79224219f');
INSERT INTO `Command` VALUES ('368', 'HEADING', '1557492', '2', '140', 'vBkB16CDBdE7erTt0j6S', '02dd2dd93bbfb472e3e62a482f5ea9edd368eff0');
INSERT INTO `Command` VALUES ('369', 'HEADING', '1557492', '2', '141', 'jcaefbO37pr09XzZPEtW', 'd501b9f5b6878b5898f9cbca39afcffcb4743f58');
INSERT INTO `Command` VALUES ('370', 'HEADING', '1557492', '2', '142', 'vSKno9KX7emYfz5vKc9A', '68fa8362846b4064f632fe8cefd1d6335f340fe7');
INSERT INTO `Command` VALUES ('371', 'HEADING', '1557492', '2', '143', 'd2wCL9uFMma0VwvR5eEr', 'c3ea32477a43af8cf5ada47bf9ee31d5ca4e708b');
INSERT INTO `Command` VALUES ('372', 'HEADING', '1557492', '2', '144', 'pYCDKCoipNq9g21Jthlj', 'e52580ec5f40a02aaf1be4c1beae2a9b7227d6f4');
INSERT INTO `Command` VALUES ('373', 'HEADING', '1557492', '2', '145', 'r99KMeH3MqYTx8SXZUgw', 'd1345c3b239f00383d8e636d8bfe25bc3ee459f4');
INSERT INTO `Command` VALUES ('374', 'HEADING', '1557492', '2', '146', 'KBKofGxO9npQU5HmAMtr', '0e4b4b65dbb91c18924f51d644de25c35fda9d19');
INSERT INTO `Command` VALUES ('375', 'HEADING', '1557492', '2', '147', 'uFEmm31PEq4WinaEXbm4', '2c706c5e781a905a1694e8391391d65f1ee8bd91');
INSERT INTO `Command` VALUES ('376', 'HEADING', '1557492', '2', '148', 'INq9EQ7nSO39OhqbgI3S', 'b0c8e414acf32369fcc834795c96c31caf315157');
INSERT INTO `Command` VALUES ('377', 'HEADING', '1557492', '2', '149', 'EIca7tYSzFeAHvsNFxYf', '99c07318907d212d9af95f5454e12e1303344478');
INSERT INTO `Command` VALUES ('378', 'HEADING', '1557492', '2', '151', 'E0v11FgpHXAKOHwV2AJw', '116fe8572d489fd2ccd267d2ead298017984b610');
INSERT INTO `Command` VALUES ('379', 'HEADING', '1557492', '2', '152', '4lbtmRqG3zPjGpgKEh9Y', 'a66734ad9a3f56801a2e6410f81f23239697f85e');
INSERT INTO `Command` VALUES ('380', 'HEADING', '1557492', '2', '153', 'SJhVA2tnMxEwh2Zh86pk', 'a7277502e5b419c91231e70a3d64abc65500889d');
INSERT INTO `Command` VALUES ('381', 'HEADING', '1557492', '2', '154', 'MZO1GVxSD3JngWFcanTd', '96be27b072cd7e97e14832f760ea394fbdd2ab12');
INSERT INTO `Command` VALUES ('382', 'HEADING', '1557492', '2', '155', 'K2GLheL0KMz7P6wHHfpl', 'eaf64f94d022cf6072742d955139276a64dd86e9');
INSERT INTO `Command` VALUES ('383', 'HEADING', '1557492', '2', '156', 'Fn36BAsj4K9b653IXjAv', '81c9262d83b9f479531942b6b3edd3ace3b4e924');
INSERT INTO `Command` VALUES ('384', 'HEADING', '1557492', '2', '157', 'S04JMshLRjBn1qt3yLxi', '7e989e8d72763ee88f670d65ff92782de5a13ef1');
INSERT INTO `Command` VALUES ('385', 'HEADING', '1557492', '2', '158', '1lSD371wTfgJdgoqqS5O', 'c34d9931748d472dbd3f4cc2bd51b000c4d3a981');
INSERT INTO `Command` VALUES ('386', 'HEADING', '1557492', '2', '159', 'PIrojbDTuMKSw3IYzRAR', 'fe3bfcb05d21ee03ef61046483c0b5f91200063f');
INSERT INTO `Command` VALUES ('387', 'HEADING', '1557492', '2', '160', 'oV4q9j8THplZH1iCaT6E', 'cae0c03692be5e53b781ce78056b3c34f4a84a76');
INSERT INTO `Command` VALUES ('388', 'HEADING', '1557492', '2', '161', 'JW8CJEURjP30X4zWlibu', 'e8f10259683746a38135c448a5849d9eb7233ee5');
INSERT INTO `Command` VALUES ('389', 'HEADING', '1557492', '2', '162', 'Miw1MosM1guMdUMHB9Gr', '5e8a8b27f1032fb97da11634e162dd7192a42d33');
INSERT INTO `Command` VALUES ('390', 'HEADING', '1557492', '2', '163', 'XXAkS5MwCsAajOMYTRVd', '611ba2057e41933993f68b338daf0c98d4663616');
INSERT INTO `Command` VALUES ('391', 'HEADING', '1557492', '2', '164', 'Xei0gLllAgqMpd7KAqBc', '4ca2d092500b03eaf50ffaa5dd2514ff735bfca1');
INSERT INTO `Command` VALUES ('392', 'HEADING', '1557492', '2', '165', 'QdB20X7eAIVLkAZYRcn5', '4b57f52a50c476e9b1c455002e689b4536149401');
INSERT INTO `Command` VALUES ('393', 'HEADING', '1557492', '2', '166', '9hStmLpL0Y1J2I4oUqc0', '0b192eebc8f2417c8bcdfd4dc1cd220a49be8b63');
INSERT INTO `Command` VALUES ('394', 'HEADING', '1557492', '2', '167', 'SmOmc4MXScughp9Rx0ZL', 'a9c5bdbb6f4fe3f7418b6e9f7bf9292bf15f17ce');
INSERT INTO `Command` VALUES ('395', 'HEADING', '1557492', '2', '168', 'cQg4UItpgWC8anCXWVtL', '5cac2ee8e1496a6aba49ccc2cae25d9f4d18b31d');
INSERT INTO `Command` VALUES ('396', 'HEADING', '1557492', '2', '169', 'eYWHnP0EfQPpKzN6lWvj', 'f83201e697a9d28f719bf18db16fae2e3350ea13');
INSERT INTO `Command` VALUES ('397', 'HEADING', '1557492', '2', '170', 'ATTCQXyeitWhLNFqPk9I', 'e8bb86253fbe2a83b9d9b602879a09fc8f50c04c');
INSERT INTO `Command` VALUES ('398', 'HEADING', '1557492', '2', '171', 'urFnGApUFIxrSoO32tdw', '96a5ac9c7fe67900a738bc0aa453bc3bd5bc7803');
INSERT INTO `Command` VALUES ('399', 'HEADING', '1557492', '2', '172', 'o33APMZtyKCPNf1IQrsq', '92f3a4f712af5506982b0d13e00c86285b2c8d40');
INSERT INTO `Command` VALUES ('400', 'HEADING', '1557492', '2', '173', 'LiMyeTmycxOiTfUA1ljm', 'bd0f49c404a8c1b3e0358ce6a91f565d1834b372');
INSERT INTO `Command` VALUES ('401', 'HEADING', '1557492', '2', '174', 'Mn4DWohuePpPq3evychF', '4f6edbeb850616003d9d4e671b3510d908a6acd4');
INSERT INTO `Command` VALUES ('402', 'HEADING', '1557492', '2', '175', 'JU9PZuDpdODOTEwdTRkh', '17e461f330adef83a280b703b5a40f79b25a2bf8');
INSERT INTO `Command` VALUES ('403', 'HEADING', '1557492', '2', '176', 'WVF96nXC5rgRPMqXxySK', '6b56f6ca32ec30e7168deb05c8cc716cedb3233f');
INSERT INTO `Command` VALUES ('404', 'HEADING', '1557492', '2', '177', 'crh8j1ngvjEp5H5EP2BT', '9431ff8e7e4a7cae99591ac56b0a3c982618f421');
INSERT INTO `Command` VALUES ('405', 'HEADING', '1557492', '2', '178', 'Sp39ta7aN3pH6jh5ZTX7', 'a022e17ab9fe86405bcf806cf2bda4b99c5ec863');
INSERT INTO `Command` VALUES ('406', 'HEADING', '1557492', '2', '179', 'BDLH02zvGxv9Zx8cTFqQ', '66f6a1ce3ce4e69cf96f3cfd85f993825fbb3a47');
INSERT INTO `Command` VALUES ('407', 'HEADING', '1557492', '2', '180', '5p38ZKdxxgE2W3aDcQA8', '180cdaa312bdc4b22a400ed564db2e83c3aaa40e');
INSERT INTO `Command` VALUES ('408', 'HEADING', '1557492', '2', '59', 'x249I926juiHzDgi4WPS', '61d69c49fb225aa6adc4343947e977ff645e13db');
INSERT INTO `Command` VALUES ('409', 'SAIL', '1557492', '2', '2', '6I2XAuPRa8aidv5LqQWC', '1bd494b88b4ef0811a413dee9588890ad53e2196');
INSERT INTO `Command` VALUES ('410', 'SAIL', '1557492', '2', '1', 'DOm0Eeh1goqGo5I9tgk6', '343799c49988a10493a840f292c6b2228ef8db34');
INSERT INTO `Command` VALUES ('411', 'HEADING', '387602', '2', '0', '3W8sT7W3HZbjMUwkp9uA', '5a6fe436d1fcf4bea60d4d18bec155ce0a1d866e');
INSERT INTO `Command` VALUES ('412', 'HEADING', '387602', '2', '1', 'rtDJP0tCcc9H1bfvCRV4', 'd2960aa38c949d18b3b9482b1cba677fb7558596');
INSERT INTO `Command` VALUES ('413', 'HEADING', '387602', '2', '2', 'cJBov7p9l0uxZV6zuG4y', 'e8dfaae913418cd1ec8b8b3f8ec240e71b9f127d');
INSERT INTO `Command` VALUES ('414', 'HEADING', '387602', '2', '3', 'D7jrJASJ7lsEWwJml1NF', '120d12cdddb4327002d5a1c2f5a2b2ae5b7b36a9');
INSERT INTO `Command` VALUES ('415', 'HEADING', '387602', '2', '4', 'KtJHhX48G6Cno1wiJsjm', '09829d5b66ddc40541c54fd8ca58ba54962dc51b');
INSERT INTO `Command` VALUES ('416', 'HEADING', '387602', '2', '5', 'DNHpnbgAUzMKy5LV4ENL', '719a0b46563344da068cc0d842245b8326e021d0');
INSERT INTO `Command` VALUES ('417', 'HEADING', '387602', '2', '6', 'QlMuIahehBEOVjCYQHTW', '1df3cdc91c09d0ce757aed5d1882079aab1b8afe');
INSERT INTO `Command` VALUES ('418', 'HEADING', '387602', '2', '7', 'f4NYrjRJRfBaOtPFG50J', '327b5651babad6c06a88c2845702f18af5a697fd');
INSERT INTO `Command` VALUES ('419', 'HEADING', '387602', '2', '8', 'W1apNRTru557fUBJOB1K', '293f5998c04224c5c1ee1e881b518d555c157399');
INSERT INTO `Command` VALUES ('420', 'HEADING', '387602', '2', '9', '9qFEPZij1JPLK5NlyqcC', '779cd85c5c8c0d3cf12d0a916beca4be2c610632');
INSERT INTO `Command` VALUES ('421', 'HEADING', '387602', '2', '10', '1wKlgD3Kl0IrS47Rs5RW', '8f5fa26fb031d4af1e7d4aacee5f5ae3c3d57bb8');
INSERT INTO `Command` VALUES ('422', 'HEADING', '387602', '2', '11', 'bjEddJptGr2hE4p1evEk', 'd36f19d01cbe534724b3d7447e93f37c65b41003');
INSERT INTO `Command` VALUES ('423', 'HEADING', '387602', '2', '12', 'w6vKVdHfYbqh3q8dPPI8', '2c330740d4b29037d2efda62ce543e436fc0f6db');
INSERT INTO `Command` VALUES ('424', 'HEADING', '387602', '2', '13', '3117ZTywMvf9DoEtaRnJ', '7549f1f5a454fa0871c6829c6324fcb58a55ff05');
INSERT INTO `Command` VALUES ('425', 'HEADING', '387602', '2', '14', 'YWSiD9HDzb5e7eQsOq2H', 'c0523aca6978debb289b466647bb60ce70f8bcbf');
INSERT INTO `Command` VALUES ('426', 'HEADING', '387602', '2', '15', 'ACoCcBfTmEOcXeOV8CYk', 'e26c078d56e2943dbd07e30820e01d2a930a5d3e');
INSERT INTO `Command` VALUES ('427', 'HEADING', '387602', '2', '16', 't0SNlfP88FUmAI1qKTaP', '8e21cb202c8c73346226109967bc5ab3ddd1590c');
INSERT INTO `Command` VALUES ('428', 'HEADING', '387602', '2', '17', '3uGdwT8heOmt2tt0m5ac', '94e871d1fcd0e5cb76a7746730c1b22ef453d8c2');
INSERT INTO `Command` VALUES ('429', 'HEADING', '387602', '2', '18', 'L28NYUBVyeIHoQemPgym', 'f43a4b4d11e4d419944d78224804410d3b48006b');
INSERT INTO `Command` VALUES ('430', 'HEADING', '387602', '2', '19', 'fyfJL89L4LBbSRyrTcbX', 'a578bcd3408228d988fe7784bedcd00de33f816b');
INSERT INTO `Command` VALUES ('431', 'HEADING', '387602', '2', '20', '59vAFSiGJXykblfHcay9', '7705385fe5a135adab050700bc384b6d024a1c55');
INSERT INTO `Command` VALUES ('432', 'HEADING', '387602', '2', '21', 'gKb7XZumqnaXciPWj9AM', 'ad01bcb095158f7d3268ead1936cf69e6766f3d8');
INSERT INTO `Command` VALUES ('433', 'HEADING', '387602', '2', '22', 'OMnzVyWoYcRTdoQFmE6h', 'a8305cbf3c901a6a8cbbb113898059198dd89ae0');
INSERT INTO `Command` VALUES ('434', 'HEADING', '387602', '2', '23', '27BMp8TAsNSSE1FlWVXp', '237500444064fa22a6dbc7613389e0f837aaecc9');
INSERT INTO `Command` VALUES ('435', 'HEADING', '387602', '2', '24', 'k1XZd7VHxNUbPnqMRqH4', '44a16e5b44460de7f6abcf08cd005dfc30af5e20');
INSERT INTO `Command` VALUES ('436', 'HEADING', '387602', '2', '25', 'ROKu0jyACUv6EovabpTO', '5a23830f1860e1900000c21f1481afbcc57ff5fd');
INSERT INTO `Command` VALUES ('437', 'HEADING', '387602', '2', '26', 'KeIWnu1chCR8SCn9sq44', '1abf3bb3edc152e5edc20591b578537b1ee39dbc');
INSERT INTO `Command` VALUES ('438', 'HEADING', '387602', '2', '27', '4ann93XxZLtst1DjY3IH', '5682c755c7d0d27e47852a68499c3bf6888ea20f');
INSERT INTO `Command` VALUES ('439', 'HEADING', '387602', '2', '28', 'dhvlrHKdpL4rfFibdCPN', '86a0292b743ed2660166836a49a1631acaaac00c');
INSERT INTO `Command` VALUES ('440', 'HEADING', '387602', '2', '29', 'CSBEKlsUAymgTl21Ohqq', 'fe0fedf2b52289d5639d5aa882e3aca7ed78692b');
INSERT INTO `Command` VALUES ('441', 'HEADING', '387602', '2', '30', 'ryHdgTBgHyR7h8LufhId', '39880103c75aa5dce9fc2d9d4f2b40eb7b03bfc0');
INSERT INTO `Command` VALUES ('442', 'HEADING', '387602', '2', '31', 'aswn76n9Rqu3heoTySGK', 'f8b8f4b94565b83200319e882ad72cc7ae3af52d');
INSERT INTO `Command` VALUES ('443', 'HEADING', '387602', '2', '32', 'MxcJFAdv3o8iDwKyjBkB', 'b5b4efdca1621631db076b4f8ef2886d601d4ea1');
INSERT INTO `Command` VALUES ('444', 'HEADING', '387602', '2', '33', 'NDZVunAbmicpURm4ep4V', '698d19f99762abee8c6f6d289ac20224ea6800f8');
INSERT INTO `Command` VALUES ('445', 'HEADING', '387602', '2', '34', 'YS3JxPdkia8rTVO6DFnE', 'c2920392ef9fd9f026f456f3f1d191e246ccffdb');
INSERT INTO `Command` VALUES ('446', 'HEADING', '387602', '2', '35', '92fKGQjeRNLTwCZoebdr', '8539a87d736caaaf8adbc7f6dadf0b9b86fbbd57');
INSERT INTO `Command` VALUES ('447', 'HEADING', '387602', '2', '36', '1BhiDquOPwia2uJft6kT', 'a537f8c981c15874b7f7c44442da6ba353a6ee50');
INSERT INTO `Command` VALUES ('448', 'HEADING', '387602', '2', '37', 'zKQsyJBbA3lhPvr5msvY', '1b1c4fbba7c47b3f0238b06af5f90cb2714299ed');
INSERT INTO `Command` VALUES ('449', 'HEADING', '387602', '2', '38', 'IAIjvrqrGU1tlZLfP8hv', '6bd936958edd41be477eb4bcd3389b3c95fa2db9');
INSERT INTO `Command` VALUES ('450', 'HEADING', '387602', '2', '39', 'nOpXqdauCwssC6eSGDYD', '481645c48058c398d8ecf8ea121df13c132a8571');
INSERT INTO `Command` VALUES ('451', 'HEADING', '387602', '2', '40', 'a53tmUPR8f6AyNpGFPcE', 'b23c87a497f34821c1b70bd641214b96969c2bbe');
INSERT INTO `Command` VALUES ('452', 'HEADING', '387602', '2', '41', 'OoCscOLY9zbSP8br4MDt', '8020b79bffcb0db66c06d5a4aab2265b2abef661');
INSERT INTO `Command` VALUES ('453', 'HEADING', '387602', '2', '42', 'Sfd9WE0KEKo7tYX6JDA6', '20e9254920d7be768fd86fe60ddc576e00ecb317');
INSERT INTO `Command` VALUES ('454', 'HEADING', '387602', '2', '43', 'M83Z8HEijfxccVy2zMYl', '552fe8e9bc9be9788bbee2d5f660169024edcc97');
INSERT INTO `Command` VALUES ('455', 'HEADING', '387602', '2', '44', 'X3RUqMxMnp1rs0anNcqQ', '2775ac004589a3a3c4dba64932a605ab90aae31d');
INSERT INTO `Command` VALUES ('456', 'HEADING', '387602', '2', '45', 'e2s8aC6SoEVp5mhIuFiC', '6268c3e30469f11e70339db19877e44b303284a3');
INSERT INTO `Command` VALUES ('457', 'HEADING', '387602', '2', '46', 'fi8pYISZDoDRPzDT5QxM', '82637cf8fb1232b530522ed9d21c3c3b230f398e');
INSERT INTO `Command` VALUES ('458', 'HEADING', '387602', '2', '47', 'h5bGO3V97qzhcdeNsC7x', '6a0a08ed4dec7f5d564e845be66c9685504b1020');
INSERT INTO `Command` VALUES ('459', 'HEADING', '387602', '2', '48', 'u54CiVgUouw3H5hrDryd', '44309c3f40a95176389ccb87e756615f5f9a9d4e');
INSERT INTO `Command` VALUES ('460', 'HEADING', '387602', '2', '49', '3FIus2LFi8oBExqMjLkf', 'f16d0fd8cd614434313f0f9cb7f36e3fd67cb01f');
INSERT INTO `Command` VALUES ('461', 'HEADING', '387602', '2', '50', 'kFQAC94NWswRjFLDfXQD', 'a18e035f15350a8f21b87947f12c60f238458652');
INSERT INTO `Command` VALUES ('462', 'HEADING', '387602', '2', '51', 'SRKtDqkyqQetmO1iRFJx', '8c887d7cd0041cff352d3b7269cb24d690c02ab1');
INSERT INTO `Command` VALUES ('463', 'HEADING', '387602', '2', '52', 'TdHQbvuOcb3iKyeEtaAX', '7757f1f7ab6b27c46711f815dc976a36e8ec2dc8');
INSERT INTO `Command` VALUES ('464', 'HEADING', '387602', '2', '53', 'hcuNBvNTfqy6MLSvTWdg', 'c55eaa283341e59c4b4f6666dc76661bfbd7eb68');
INSERT INTO `Command` VALUES ('465', 'HEADING', '387602', '2', '54', 'QfPbmQHqafIJVUyJANkQ', 'b8fef10d13d05aa9fa9f9ed9d0dd289506740573');
INSERT INTO `Command` VALUES ('466', 'HEADING', '387602', '2', '55', '2E8d37eSwnlFKePC2Bhe', '35b294c4d2b2b70132d544ad77951b2e0d503331');
INSERT INTO `Command` VALUES ('467', 'HEADING', '387602', '2', '56', 'v9Sy0tYUgTKao4wq0Pea', '5ab73d5f4a31559d794a650960a355835df7b09e');
INSERT INTO `Command` VALUES ('468', 'HEADING', '387602', '2', '57', 'iQ6wofoZukpWKeNJlJzf', '6222bf09828889dd1d0930985b0543407f2d0c98');
INSERT INTO `Command` VALUES ('469', 'HEADING', '387602', '2', '58', 'UMu9zKMnFVZEhYOZwpSv', 'cfc394be2a3b47a431266c6b3c0551c45e4e6e02');
INSERT INTO `Command` VALUES ('470', 'HEADING', '387602', '2', '59', 'L2zhcplN0kJqiv3oN6G3', 'db481e043da073d5915ac361ab3c95cc97cb5672');
INSERT INTO `Command` VALUES ('471', 'HEADING', '387602', '2', '60', 'lWwEm1UuLd8X22f68dUr', 'e4da3baa8a9b738608efe6636e95abdac42b32a0');
INSERT INTO `Command` VALUES ('472', 'HEADING', '387602', '2', '61', 'iUEzignMeLwlR6BzdDhv', '5079904c61b94b2eca38b633182966b419b7b558');
INSERT INTO `Command` VALUES ('473', 'HEADING', '387602', '2', '62', '7znExDipahFaZ8ivmKpM', 'd1a73d8cac9bd441cb9ff484cb414a9c85853c80');
INSERT INTO `Command` VALUES ('474', 'HEADING', '387602', '2', '63', 'YxYlpAAybpwlNTTTQg6t', 'd0dec8eff7bf65a4158c75533f627d48d4b79406');
INSERT INTO `Command` VALUES ('475', 'HEADING', '387602', '2', '64', 'YZs24udWzCLSLtQTeFa6', '4e6d3e593ae08713c436ab738f278bb10f5d65cc');
INSERT INTO `Command` VALUES ('476', 'HEADING', '387602', '2', '65', 'D17BHvTBsv6GH6SU5yIR', '93495e12a909e02534be320e41ad64578ab349a3');
INSERT INTO `Command` VALUES ('477', 'HEADING', '387602', '2', '66', 'TFsBSII4NG7PiqHglhxo', '4fa0abbdc6aa0031224b22f40ebdd7beb9829dbd');
INSERT INTO `Command` VALUES ('478', 'HEADING', '387602', '2', '67', 'OgCRBzOHFzSM7pLat2PO', 'd1a0625a173318ab2cfb9f61bef993513d89a1ca');
INSERT INTO `Command` VALUES ('479', 'HEADING', '387602', '2', '68', 'AY0v6jQhLG7VJCT8RaxL', 'a5803cdc0559e7f019fa2d803f574614a9e3103b');
INSERT INTO `Command` VALUES ('480', 'HEADING', '387602', '2', '69', 'LVFuuHtHpzb4lJGODHIk', 'bbb4e23327785fb27413de11b64023eb4ad094dd');
INSERT INTO `Command` VALUES ('481', 'HEADING', '387602', '2', '70', 'ERn2I2riC3xCt8cAMCjo', 'ceadccd6ceddb786b9ffddf081768a420b95b086');
INSERT INTO `Command` VALUES ('482', 'HEADING', '387602', '2', '71', 'NVYMXfxRlWVfnaqSlS1c', '20ec98f154c82ed435172056e52621ff2e679509');
INSERT INTO `Command` VALUES ('483', 'HEADING', '387602', '2', '72', 'b1XCJVtw0N6hwdWeULNs', '4c9b86c94ce7c7063f2349e137b5d066dc3ec214');
INSERT INTO `Command` VALUES ('484', 'HEADING', '387602', '2', '73', '1KETpm8twClky0890XkN', '3b7076c6f5817ea7dc18185d0c8cad16e7466a09');
INSERT INTO `Command` VALUES ('485', 'HEADING', '387602', '2', '74', 'qbevDoukIkol5pLhPFOo', '8148dfbf046b6cebed87fb13c6cc5756a4c02eca');
INSERT INTO `Command` VALUES ('486', 'HEADING', '387602', '2', '75', 'xMvBjDF5hyN8FwmpoxVp', 'aa7c076fb3affdc6bea3807425d1b119de0f866a');
INSERT INTO `Command` VALUES ('487', 'HEADING', '387602', '2', '76', 'gzMVZmMdv72decYGKeXX', '8966fd2d50124f8cbbf4e8c7b4c3a9d76e61541c');
INSERT INTO `Command` VALUES ('488', 'HEADING', '387602', '2', '77', 'f3EREGyUzvMtulQoPdyU', '36b13df5b5a2060105fa19fcbb0182547878c0a8');
INSERT INTO `Command` VALUES ('489', 'HEADING', '387602', '2', '78', 'JJ6lUZFvLdD8g63Sj5Z2', 'ae0512bc18e899cd41d8744b167b35a3dad2f9a8');
INSERT INTO `Command` VALUES ('490', 'HEADING', '387602', '2', '79', '6e6gyAbkdFLoDFkJapq0', 'a48793962a4fe4bd8ed7d95b27787065cef0dfca');
INSERT INTO `Command` VALUES ('491', 'HEADING', '387602', '2', '80', '2oGg7qLFgqbxrJtZ9piZ', '4aa1fc4de104e7f65ebf91ef97f9576a07738a57');
INSERT INTO `Command` VALUES ('492', 'HEADING', '387602', '2', '81', 'bVfSzTdRsCdjhOP3ziLB', '018497669dbe344a7ccee3e6288d66c6df185061');
INSERT INTO `Command` VALUES ('493', 'HEADING', '387602', '2', '82', 'ptANMaQaZP5TqKXGoWk3', '4c0ab7716d1379f36b940f51597c4ebb787d3fbd');
INSERT INTO `Command` VALUES ('494', 'HEADING', '387602', '2', '83', 'wFnveF0s8SnAFRYb3DY7', '996b4e6a68ed94400b5765bc31f163915f788870');
INSERT INTO `Command` VALUES ('495', 'HEADING', '387602', '2', '84', 'SE8Z1RIIlEU8QXqlNtJo', '4cd5264d62af1b49093fc0ec43890354dfa103b7');
INSERT INTO `Command` VALUES ('496', 'HEADING', '387602', '2', '85', 'x5SDgb26oWaBHMqWzIVy', '247baea837244822d9706f9071b564fb0645359b');
INSERT INTO `Command` VALUES ('497', 'HEADING', '387602', '2', '86', 'OHhllzS3X94e0Ev7UFMJ', '5a02d3d8514bb6d0a45d3aadc724192c8e682050');
INSERT INTO `Command` VALUES ('498', 'HEADING', '387602', '2', '87', 'zOaykJDFCzPumyqEHpdO', '4e7465d2cc5af14136e96e31edf1151d06a66476');
INSERT INTO `Command` VALUES ('499', 'HEADING', '387602', '2', '88', 'tNRlN3fx7Unadphea9VX', 'd3b0a865af3104e0a917cc700af579a2e88303c5');
INSERT INTO `Command` VALUES ('500', 'HEADING', '387602', '2', '89', 'PNo5bubqypXweD8Qi0pT', '1ce2577090a77fe3f5fd333a1e534a4050d1a86e');
INSERT INTO `Command` VALUES ('501', 'HEADING', '387602', '2', '90', '8kCsKqB804EVRD0SFMTz', 'e11746b6afe8ba36009818466d75201767bb8189');
INSERT INTO `Command` VALUES ('502', 'HEADING', '387602', '2', '91', 'NsowQmi9IZ7x57KeH4Lh', 'ca5cdb5fa8cc80eb0f44bb8898cd75bc4036d72c');
INSERT INTO `Command` VALUES ('503', 'HEADING', '387602', '2', '92', 'hSf3WHreWiY44iYnoyjG', '4c736778c4c62c99d19679b3257fbfc0e50b9690');
INSERT INTO `Command` VALUES ('504', 'HEADING', '387602', '2', '93', 'IJBhnEz5T3vqdfQBJiZQ', 'c729c9ba2c04be136323688350d3cc4baf59d70e');
INSERT INTO `Command` VALUES ('505', 'HEADING', '387602', '2', '94', 'DODPsqQ9gWPa4MsAH6mj', '664c17175057a3f2f4de7f6c50efc4a8a8c1310c');
INSERT INTO `Command` VALUES ('506', 'HEADING', '387602', '2', '95', '1kmrFxMiHkwam84p99ir', 'a7b3777b024db0fbb6ba3a988f0e70713f610b79');
INSERT INTO `Command` VALUES ('507', 'HEADING', '387602', '2', '96', '7ab0rfjWp3MDuz3ScQ0x', '48e017afb358eb9ba16977d849a8bf652e379571');
INSERT INTO `Command` VALUES ('508', 'HEADING', '387602', '2', '97', 'yseRq9gDznEat4kSnV0a', '4cb0577593847d5e5ad8804729be4fa64101c814');
INSERT INTO `Command` VALUES ('509', 'HEADING', '387602', '2', '98', 'lIqO0rlaAYQZv7cr8oaT', '13e2c56f94d396af693673e39d3b0700fea7a9f3');
INSERT INTO `Command` VALUES ('510', 'HEADING', '387602', '2', '99', 'H6Wo0OMaKcROzUGHjI8P', 'f1bef23947306d2a1c07e145855762d913c4fda4');
INSERT INTO `Command` VALUES ('511', 'HEADING', '387602', '2', '100', 'YZplssTEHDzincM5Btxy', 'b83b5fe3b1315050ebd986dc22595e39c45fff1e');
INSERT INTO `Command` VALUES ('512', 'HEADING', '387602', '2', '101', 'prtJ6EbQmTUxCejOvBiJ', '480b99ad8f223f16b623bbc52d0afdc0d812b6c6');
INSERT INTO `Command` VALUES ('513', 'HEADING', '387602', '2', '102', 'PxcnIr4zhUzzvSSON42H', 'cd5f24fb254d12f6e82dd9c0b7b68d1b4b8fb940');
INSERT INTO `Command` VALUES ('514', 'HEADING', '387602', '2', '103', 'lGtNaMzusgcMqAUtNioY', 'd6232c46be139a338b2d8912979a9bf828ebf529');
INSERT INTO `Command` VALUES ('515', 'HEADING', '387602', '2', '104', 'yh2Sh4qLjLYN77PLSvqR', '7b99a0775f0d54e3ee988f6ef485e053777c4046');
INSERT INTO `Command` VALUES ('516', 'HEADING', '387602', '2', '105', 'hr0Onwh46GC8npC7ntFN', '95c1e335e9cb79a69bceab96db38ccb4fed9a3f0');
INSERT INTO `Command` VALUES ('517', 'HEADING', '387602', '2', '106', 'cQCladPh45gja26KOFNW', '3eb4f3086e7d4244a8d9992e579e9300054313a5');
INSERT INTO `Command` VALUES ('518', 'HEADING', '387602', '2', '107', '97cO9GB8OjOjwQBbj9hU', '3e60090ed66136f2c09fcdf525fb7792e185e4d6');
INSERT INTO `Command` VALUES ('519', 'HEADING', '387602', '2', '108', 'cqBcWzTccMgFGP7aizMA', '6d8c53f38c7439c1db5881b0e5b2671188d02834');
INSERT INTO `Command` VALUES ('520', 'HEADING', '387602', '2', '109', 'xCvKRt9D7QqmuUj0kLRR', '40729429aa943c6a37610d0cfb0613ba1058563e');
INSERT INTO `Command` VALUES ('521', 'HEADING', '387602', '2', '110', '9DPdtkYk1yy2qrL3WikX', 'a439abfc1aef123695473d0583aa874b2e9db6c8');
INSERT INTO `Command` VALUES ('522', 'HEADING', '387602', '2', '111', '5qhYQ3tEcdHbZA4XuSfG', 'a07b8a973c35f8a6fda4141613f8ae2b4f928e7e');
INSERT INTO `Command` VALUES ('523', 'HEADING', '387602', '2', '112', 'r437Dpz7zGExvSVv4xIF', 'cb3ee37e940d8305766fa87a1565fb13fcea98ed');
INSERT INTO `Command` VALUES ('524', 'HEADING', '387602', '2', '113', '1G73ZSErMMfGk6gIq88L', '84470b45c6337cbd38c66da333d8f92f6894f4e3');
INSERT INTO `Command` VALUES ('525', 'HEADING', '387602', '2', '114', '2oPAk80tzpCC1FCrKgvm', 'a8e11b52759e0ae5d654f22c3f129ba4e1d6c8dd');
INSERT INTO `Command` VALUES ('526', 'HEADING', '387602', '2', '115', 'hwgiZ1PmsFenvvRDcxvu', 'e936a5f978f6ca5c07a736f5c78bc01fe1565edc');
INSERT INTO `Command` VALUES ('527', 'HEADING', '387602', '2', '116', '1oeVumPyHg3HxcHmcP7c', 'feec30467411f61a351b25ee2b0b0c33a95662bb');
INSERT INTO `Command` VALUES ('528', 'HEADING', '387602', '2', '117', 'XD3qmqcv74ncPGjRX4GR', '624f9aa731559b2336431f12d7ae2e58d0971d5b');
INSERT INTO `Command` VALUES ('529', 'HEADING', '387602', '2', '118', 'bBUskaiQqznDdqv3Yt2E', '1841e96ec3cf76ffc1fd1f0c5a51e4ab12a02270');
INSERT INTO `Command` VALUES ('530', 'HEADING', '387602', '2', '119', 'rLekkMbxoJKBvszu8n9x', '2ff8090dfaa8c09df645ec8227e9b9c384a8f7f7');
INSERT INTO `Command` VALUES ('531', 'HEADING', '387602', '2', '120', 'H8fPjHGuWGCNPmQb8Plo', 'bcb9cee20b419c2d17a1ba583fe7a9080d7c2c1d');
INSERT INTO `Command` VALUES ('532', 'HEADING', '387602', '2', '121', 'EsGEyNbk7bDV5nDnkS6w', 'c6b0f828b91996376394b09eb52992a4416624e3');
INSERT INTO `Command` VALUES ('533', 'HEADING', '387602', '2', '122', 'eELEhLbugEeLtrWNRxpf', 'eb30aa65fa318a595184edb49463a04bdc916e14');
INSERT INTO `Command` VALUES ('534', 'HEADING', '387602', '2', '123', 'm1lBLDGrRZK42F80jEBO', '163d3cfcca29a98251f4dbda0e69e359e617fe31');
INSERT INTO `Command` VALUES ('535', 'HEADING', '387602', '2', '124', 'K8LjdrjGkXcphy6ZRSjD', 'd6be5f4653ecd307ff20fd19551fe1799c59fbdb');
INSERT INTO `Command` VALUES ('536', 'HEADING', '387602', '2', '125', 'qjFGvxJVaaZbzw5hXkXK', '1e6d025c10853b4053e79669a913801669a4e981');
INSERT INTO `Command` VALUES ('537', 'HEADING', '387602', '2', '126', 'fdIB7d9Y7PB6KvQDKLS9', 'd0b6e80daaecc803a60bd0b1bdba1549c07be2eb');
INSERT INTO `Command` VALUES ('538', 'HEADING', '387602', '2', '127', '9eZ8cjEbiHlj57LjP5ka', '3f8bfc47f18aff4447bd97c201cc1e490f0bb247');
INSERT INTO `Command` VALUES ('539', 'HEADING', '387602', '2', '128', 'ThWiI4XtLpATBjtnLMPu', 'e0c3607b3380269f51b1062b37bf5356ac1a7ec0');
INSERT INTO `Command` VALUES ('540', 'HEADING', '387602', '2', '129', 'fPKzYQyko7GirRAtfFvA', 'ac715e560f89b06aa91f4005f06292fd05566e5e');
INSERT INTO `Command` VALUES ('541', 'HEADING', '387602', '2', '130', 'gWSN5oCXARIpmpyShI1B', 'e0c764d1e41bbcb5991aafd5401e6654727f7ff0');
INSERT INTO `Command` VALUES ('542', 'HEADING', '387602', '2', '131', '28Tv0Tb64XXWr9YhO7I2', '4d8bfa64cc8926bd837d6c3a662be078a25cd70d');
INSERT INTO `Command` VALUES ('543', 'HEADING', '387602', '2', '132', 'OOiKceG13Em0upmXqbfr', '1333ef018666a46f4bab6f08a5943b6ba2e7e5f8');
INSERT INTO `Command` VALUES ('544', 'HEADING', '387602', '2', '133', 'SBo8nitXnrPGN4qCKRnp', '2487718e8537cd1ae52bd7ebfe7d45ad4bde0ad6');
INSERT INTO `Command` VALUES ('545', 'HEADING', '387602', '2', '134', 'eiO5IVcHea696cP86EyO', 'b3d355673b2b99a6d9351376b819eb642adc7f51');
INSERT INTO `Command` VALUES ('546', 'HEADING', '387602', '2', '135', '9c4WA8DuzdjAHoas5jH3', 'd53661f202743547e044630a6ae39dd1c9ae4252');
INSERT INTO `Command` VALUES ('547', 'HEADING', '387602', '2', '136', 'rfkHiIWkOrYXKSET0AcZ', '49469dc67c43c24435171016f2f55aaf859883fa');
INSERT INTO `Command` VALUES ('548', 'HEADING', '387602', '2', '137', '1d2I81tJvAEn4d1um90M', 'a0e2a5755af4bfed848141ae347d39998a88ae9d');
INSERT INTO `Command` VALUES ('549', 'HEADING', '387602', '2', '138', 'N400A9YQ8lgTZzIkdDFo', '96bf8a047ad4e3e47feb10722d8a9e25a3cb53df');
INSERT INTO `Command` VALUES ('550', 'HEADING', '387602', '2', '139', 'Y5vdJoSR83H002k6zySn', '609d83c23acb926eccc707ff0dffc87825b7b643');
INSERT INTO `Command` VALUES ('551', 'HEADING', '387602', '2', '140', 'SeYUiVZGPVw3PYr7f5Gs', '9230d40adccfed6565e4726c71aae985fc2c74db');
INSERT INTO `Command` VALUES ('552', 'HEADING', '387602', '2', '141', 'OCYNihgZeB0oX9O7eBtI', '9e6140ef30fd84fe17f1eea5e3fe32c442c8abcd');
INSERT INTO `Command` VALUES ('553', 'HEADING', '387602', '2', '142', 'uMgnStwZMJvD15oFB41F', '55b44960bb3f956f3887a60f7a26064c0d4f9714');
INSERT INTO `Command` VALUES ('554', 'HEADING', '387602', '2', '143', 'x25fzl24FNTa92npeoEz', '4070d8e21ab4c1da4035d6415b20fafcfdc389a7');
INSERT INTO `Command` VALUES ('555', 'HEADING', '387602', '2', '144', 'x5I3bxzSBUARC8DQdYBm', '2352794ba5203736549425980c3b0e27fbbc4349');
INSERT INTO `Command` VALUES ('556', 'HEADING', '387602', '2', '145', 'HOzy1AFk5HndAExH3VrT', '8b8a19c5ea94b2de2790f682344c63f4bf17e64c');
INSERT INTO `Command` VALUES ('557', 'HEADING', '387602', '2', '146', 'fdknQLxSgg08j3zKCT2G', 'e9545b480b2fa2f5addfa6088b661c3bc66102dd');
INSERT INTO `Command` VALUES ('558', 'HEADING', '387602', '2', '147', 'GJmRAg8rNwUaKFfSwUoD', '6ce5659562e318ff20c366281dfd2696d6ed0859');
INSERT INTO `Command` VALUES ('559', 'HEADING', '387602', '2', '148', 'lJEX9LnESp4q011GIE6R', '188a7cda53f3507adfcd02394143c77e242ad562');
INSERT INTO `Command` VALUES ('560', 'HEADING', '387602', '2', '149', 'I6UNs7GMVPisry2HK5Mf', '871e8302229b1519cec565e7c29e4d6641238dec');
INSERT INTO `Command` VALUES ('561', 'HEADING', '387602', '2', '150', 'eASfQ0BneKHS7LwUhQ57', '955aa830d70c1aca810975ff793598de8cc187b7');
INSERT INTO `Command` VALUES ('562', 'HEADING', '387602', '2', '151', 'nOUVnLdf265jwOxvOyhh', '3148fde4cc228e42910b165c0731b908865cd1ba');
INSERT INTO `Command` VALUES ('563', 'HEADING', '387602', '2', '152', 'fXukwDzGr4o9XIe4QBBu', 'aa3c799be02afd846a6e00557e57d84514e3854f');
INSERT INTO `Command` VALUES ('564', 'HEADING', '387602', '2', '153', 'cr2MwJVd4CSSE105QREs', '5ad1b888fd7a11371c81074092e5b1448e81b863');
INSERT INTO `Command` VALUES ('565', 'HEADING', '387602', '2', '154', 'fdq1f9EIvCWgW8G85BLi', 'f531ea985d27f78d29bd0c24e52c776ac09d3259');
INSERT INTO `Command` VALUES ('566', 'HEADING', '387602', '2', '155', 'ktn7ssBy5kXGAtlxRf38', 'f15d82b72ef31064fbd191608b8bbff09c265af2');
INSERT INTO `Command` VALUES ('567', 'HEADING', '387602', '2', '156', 'V4Zq35fLFvq94jer45NJ', '8cb81cc1760903a18c63f3f0f82bf4441cd2e364');
INSERT INTO `Command` VALUES ('568', 'HEADING', '387602', '2', '157', '2intvW7N3qTtEP5IsHxs', 'f6577248fbd1b85eff9f2a75b5d6667989e1b54b');
INSERT INTO `Command` VALUES ('569', 'HEADING', '387602', '2', '158', 'c9BXmFq7CtzXoPZW8vAN', '767aba179d9035de1dffcfab538307d71625a604');
INSERT INTO `Command` VALUES ('570', 'HEADING', '387602', '2', '159', '3s5L0nZwZAtzBfAJqOKr', '8ba008fed1be51418e5f6a1e0759bca61c7c83f4');
INSERT INTO `Command` VALUES ('571', 'HEADING', '387602', '2', '160', 'dhtEriclZHpJ7c3izoCU', '0d2c356cf5535a63ec57a4bbb09f3e6fcd0762ee');
INSERT INTO `Command` VALUES ('572', 'HEADING', '387602', '2', '161', 'CorY199dHBDP5FBg2fTN', '2f7353405ff77cc5c14819195e7e3b5f0955a0c9');
INSERT INTO `Command` VALUES ('573', 'HEADING', '387602', '2', '162', '0rOTGhleZyHbWHMmGr1Y', 'a5b8fa3d18b075105f56249b75f9ac67b15f4661');
INSERT INTO `Command` VALUES ('574', 'HEADING', '387602', '2', '163', 'J6ctVFaAca5J7zMwyxpd', '1de1b77d6572ffbace179a13bef5bdbbabbb8dfb');
INSERT INTO `Command` VALUES ('575', 'HEADING', '387602', '2', '164', 'jm3UyIvLR8NSCz7p93jH', 'c83659236fa34cf00b2aff5f7022903d5c516625');
INSERT INTO `Command` VALUES ('576', 'HEADING', '387602', '2', '165', 'Ri0fBgxOXgiOgLOMZ562', '560ccfde2fbe7ab37f08e0da2a025e591e39eb5e');
INSERT INTO `Command` VALUES ('577', 'HEADING', '387602', '2', '166', '5xOSOwUDKDY4yntu8nHl', '3fe828b91df414c0166b3c2a7967e2c0971f7e65');
INSERT INTO `Command` VALUES ('578', 'HEADING', '387602', '2', '167', 'f5QDvJhA6LGSRMcDoXRB', '0e9bdcb8697a6e802580249369337a0789e8e4ae');
INSERT INTO `Command` VALUES ('579', 'HEADING', '387602', '2', '168', 'SKDlwsHSKBNF8wKChSH6', '70e960e2cbd7a22b6d3e41f2e9fbd7a64463d261');
INSERT INTO `Command` VALUES ('580', 'HEADING', '387602', '2', '169', 'LTYYs05y5yLkNM2lGz6s', 'af88b5c42e3a6d1c517be715ed514e846b2db41a');
INSERT INTO `Command` VALUES ('581', 'HEADING', '387602', '2', '170', 'ohUrKU6DG8pn9Sy2nsnW', '09c0e74a33a1061756da1974a8e99f95fab30d1e');
INSERT INTO `Command` VALUES ('582', 'HEADING', '387602', '2', '171', 'UG7N1d1xArLUpBWYyuVi', '77b7674b15bc584ef1f6b10a903ee0b3cc7db874');
INSERT INTO `Command` VALUES ('583', 'HEADING', '387602', '2', '172', 'H6bWHtTo21ytYI6KsCoU', '5e4bc4c17e9d3ab9dff91591045110e23228d3bc');
INSERT INTO `Command` VALUES ('584', 'HEADING', '387602', '2', '173', 'PKwI3RYwsJ0mAPVcF07S', '9c756751af3e3e56bf1d632db760bd011674936b');
INSERT INTO `Command` VALUES ('585', 'HEADING', '387602', '2', '174', 'jMd21CfRkNZgv1TNKXm0', 'f4776add29549938c4b00c99d8efec22aab7a926');
INSERT INTO `Command` VALUES ('586', 'HEADING', '387602', '2', '175', 'wWi0MV8EBgPhmZmhaHNC', 'cf1a10f165c0f30d7e818c37c3310d78ed10657c');
INSERT INTO `Command` VALUES ('587', 'HEADING', '387602', '2', '176', 'foNjuZR7Ny8krgBladg0', '7ce4d3af526c5fa883b99bdfc1d22770524e4321');
INSERT INTO `Command` VALUES ('588', 'HEADING', '387602', '2', '177', 'yoYXHtAqTwEn2hDjlBvz', 'aaba568fd45002177840245da861454c674a1cab');
INSERT INTO `Command` VALUES ('589', 'HEADING', '387602', '2', '178', 'tLFyU55UkR7xfK1wSo8X', '4f9d36f35aab9bfd3ab652f40fe6ca23b33f753a');
INSERT INTO `Command` VALUES ('590', 'HEADING', '387602', '2', '179', 'rcORcFIDDu35v811DPWo', '778c09621d8350594d3e25d6aa2387c6b21503e1');
INSERT INTO `Command` VALUES ('591', 'HEADING', '387602', '2', '180', 'hV7E53VDeM1dnJuSVMq2', '2f6f5eb44341cce465ffc5a45b13b7c101f5772f');
INSERT INTO `Command` VALUES ('592', 'HEADING', '387602', '2', '181', 'g68GdxL8oSY4hb5Bfdhj', '8b349dc1fd26b1daed8ac7ec4c21c7f169462ccb');
INSERT INTO `Command` VALUES ('593', 'HEADING', '387602', '2', '182', 'dByT3xq3DwvDtMK8fN6s', 'dd50492165ae93c98ffdc2213b1920e3296600a5');
INSERT INTO `Command` VALUES ('594', 'HEADING', '387602', '2', '183', 'iqoVcRwZg6C5Nuqi1jRp', '740e147be63017b4d1cb7823c072c2ae3a1de8ac');
INSERT INTO `Command` VALUES ('595', 'HEADING', '387602', '2', '184', '5oHuqZXG7fSm5KVtOWsA', 'fb45acf94be79162677fb95271b04c3924f80483');
INSERT INTO `Command` VALUES ('596', 'HEADING', '387602', '2', '185', 'zT5BFz3WTVNWdDKL6uyg', '7fda8db6419df3507cb938c4000363e9bb9dd5fa');
INSERT INTO `Command` VALUES ('597', 'HEADING', '387602', '2', '186', 'KuNZjw7c0U9cvktK3XB7', 'b53304807b7ec3113d3f62ca93c4fdf7798f2c1c');
INSERT INTO `Command` VALUES ('598', 'HEADING', '387602', '2', '187', 'ZmiqZErJ4QEv0riKheuY', '76bdb872decc61b6dc6ea343100ef403744679d5');
INSERT INTO `Command` VALUES ('599', 'HEADING', '387602', '2', '188', 'N1eUj76tLRCGYSCAjJGI', 'ccca07d3267f07f6c91cd24cf7fda4e3a27fc9e2');
INSERT INTO `Command` VALUES ('600', 'HEADING', '387602', '2', '189', '22R1CJhdScb2niJog4FO', '3be11a6bb0470f759602a5d08b91560edb5af742');
INSERT INTO `Command` VALUES ('601', 'HEADING', '387602', '2', '190', 'GjQmGgnuqsETYAgh9IMA', 'ee7fb4ddb021c9d6dccf1977d2ad477dde647e22');
INSERT INTO `Command` VALUES ('602', 'HEADING', '387602', '2', '191', 'DkJ4HQrhzBLzQuaIOVOO', '0426c94d8731a395c00c876e9bc3df59fc3e6faa');
INSERT INTO `Command` VALUES ('603', 'HEADING', '387602', '2', '192', 'yCYMdsLVpGMCVjDPbhgA', 'fb199bd65931eb604b70b21fe8dc086f2d0fc599');
INSERT INTO `Command` VALUES ('604', 'HEADING', '387602', '2', '193', 'InpszrqpxBlw6pxcS1x5', '917b40b7c1ba46c02c68dc96b7edd61333161daa');
INSERT INTO `Command` VALUES ('605', 'HEADING', '387602', '2', '194', 'SNXCervoXjkloSowkJHi', '9edf50a1d7ecbc8e68ed0081ffb93389a441a499');
INSERT INTO `Command` VALUES ('606', 'HEADING', '387602', '2', '195', 'PCayV7m7aozACXhZYZa8', 'f85120993b9dee7d7cbbdbaca88d3f7b1277759a');
INSERT INTO `Command` VALUES ('607', 'HEADING', '387602', '2', '196', 'M4XR6Khy9pagUnT4ZJE4', '176bbf3a775c24903fab7f5968f49e2a093a4779');
INSERT INTO `Command` VALUES ('608', 'HEADING', '387602', '2', '197', 'qXCzwDyCVL0PQ4fS40fm', '139c449e73c4023a793be790b738b3780add67a6');
INSERT INTO `Command` VALUES ('609', 'HEADING', '387602', '2', '198', 'xP40KU3TfkNpPRbdlo1A', '9293fa6224c9a3c7a310686dc89b6e66ab348446');
INSERT INTO `Command` VALUES ('610', 'HEADING', '387602', '2', '199', 'JzOknoq2FaTC4bUeUF6z', '3b7b6de746ee2bb5f8ba4c7f64a941fc9b6d679f');
INSERT INTO `Command` VALUES ('611', 'HEADING', '387602', '2', '200', 'cY0XjErdvJgASLEhDSLy', '3e6e0da2ff3666ff96cb6c30912fd3cb9fa58649');
INSERT INTO `Command` VALUES ('612', 'HEADING', '387602', '2', '201', 'T3NrL0qXDJ24PmMelMrX', 'fdb17faecaa0bc22e468cca35ba12184303adf79');
INSERT INTO `Command` VALUES ('613', 'HEADING', '387602', '2', '202', 'W6VfhMNLUuJbfaHFjbrz', '6ddfb28e9b63e17da17536247f1b3d21dfdeeace');
INSERT INTO `Command` VALUES ('614', 'HEADING', '387602', '2', '203', 'w73fz64zVVxt6xEK1QjW', '0115fe556c70aa79a210cc9c0bce596297153ccf');
INSERT INTO `Command` VALUES ('615', 'HEADING', '387602', '2', '204', 'dusYu5F49OUtQNq08jqv', 'fb3499bc13606d92e712663d1e50a1b5a9246b31');
INSERT INTO `Command` VALUES ('616', 'HEADING', '387602', '2', '205', '3uS8mLaJEcWUg4FOlzNt', '93b279ca4c1005353c00c5c6bca2ded92ccd6302');
INSERT INTO `Command` VALUES ('617', 'HEADING', '387602', '2', '206', 'pUCrJwfvEJit03EwKHQm', 'bf033dd49c0500409c6387a82ef4531405495bc8');
INSERT INTO `Command` VALUES ('618', 'HEADING', '387602', '2', '207', 'lwmZ1fhLe3dKtA5K1aKY', 'e223ad11d075e727ad02ea8f56c8ddf38474af7a');
INSERT INTO `Command` VALUES ('619', 'HEADING', '387602', '2', '208', 'cMj3sRRRfrrlTDmf3R85', '24503114e1d489b430fe5f87e1d7e67029b46cd7');
INSERT INTO `Command` VALUES ('620', 'HEADING', '387602', '2', '209', 'vF0NT7UKf7YFIeAbg2rD', '5fab6ded7bc2535ca5827ee9b3df7ed9e01c0b5e');
INSERT INTO `Command` VALUES ('621', 'HEADING', '387602', '2', '210', 'atwtogE2q4i8ow2IOW2P', 'ff68ffcf555d5ce00a007b3221ccc609d2cce61c');
INSERT INTO `Command` VALUES ('622', 'SAIL', '387602', '2', '2', 'K00mziOloCKz4Fxd8ynE', 'f513852cfd1111f5ea8fb8948ef466a3fdd0b6d0');
INSERT INTO `Command` VALUES ('623', 'SAIL', '387602', '2', '1', 'oILnURHsICPq5TpSNh0J', '23198639075e63e0d02b54c9c4481f3819fc68fb');

-- ----------------------------
-- Table structure for `Race`
-- ----------------------------
DROP TABLE IF EXISTS `Race`;
CREATE TABLE `Race` (
  `raceId` int(6) unsigned NOT NULL AUTO_INCREMENT,
  `name` varchar(255) COLLATE utf8_swedish_ci NOT NULL,
  `startDate` datetime DEFAULT NULL,
  `status` enum('CLOSE','OPEN','PENDING') COLLATE utf8_swedish_ci NOT NULL DEFAULT 'OPEN',
  PRIMARY KEY (`raceId`)
) ENGINE=InnoDB AUTO_INCREMENT=3 DEFAULT CHARSET=utf8 COLLATE=utf8_swedish_ci;

-- ----------------------------
-- Records of Race
-- ----------------------------
INSERT INTO `Race` VALUES ('1', 'vendeeglobevirtuel.virtualregatta.com', '2012-11-10 19:27:22', 'CLOSE');
INSERT INTO `Race` VALUES ('2', 'hopehorn.virtualregatta.com', '2013-02-10 18:00:00', 'PENDING');

-- ----------------------------
-- Table structure for `Schedule`
-- ----------------------------
DROP TABLE IF EXISTS `Schedule`;
CREATE TABLE `Schedule` (
  `scheduleId` int(11) unsigned NOT NULL AUTO_INCREMENT,
  `vrUserId` int(11) NOT NULL,
  `raceId` int(11) NOT NULL,
  `heading` int(3) NOT NULL,
  `sail` enum('JIB','SPI') COLLATE utf8_swedish_ci NOT NULL DEFAULT 'SPI',
  `startDate` datetime NOT NULL,
  `status` enum('FINISH','CURRENT','PENDING') COLLATE utf8_swedish_ci NOT NULL DEFAULT 'PENDING',
  `testStatus` enum('TO_TEST','FAIL_1','FAIL_2','FAIL_3','CHECKED') COLLATE utf8_swedish_ci NOT NULL DEFAULT 'TO_TEST',
  PRIMARY KEY (`scheduleId`)
) ENGINE=InnoDB AUTO_INCREMENT=16 DEFAULT CHARSET=utf8 COLLATE=utf8_swedish_ci;

-- ----------------------------
-- Records of Schedule
-- ----------------------------
INSERT INTO `Schedule` VALUES ('1', '387602', '1', '190', 'SPI', '2013-01-05 00:37:00', 'FINISH', 'CHECKED');
INSERT INTO `Schedule` VALUES ('2', '387602', '1', '200', 'SPI', '2013-01-05 00:38:00', 'FINISH', 'CHECKED');
INSERT INTO `Schedule` VALUES ('3', '387602', '1', '190', 'SPI', '2013-01-05 00:39:00', 'FINISH', 'CHECKED');
INSERT INTO `Schedule` VALUES ('4', '387602', '1', '200', 'SPI', '2013-01-05 00:40:00', 'FINISH', 'CHECKED');
INSERT INTO `Schedule` VALUES ('5', '387602', '1', '190', 'SPI', '2013-01-05 00:41:00', 'FINISH', 'CHECKED');
INSERT INTO `Schedule` VALUES ('6', '1557492', '1', '53', 'JIB', '2013-01-05 16:00:00', 'FINISH', 'CHECKED');
INSERT INTO `Schedule` VALUES ('7', '1557492', '1', '48', 'JIB', '2013-01-05 16:16:14', 'FINISH', 'CHECKED');
INSERT INTO `Schedule` VALUES ('8', '1557492', '1', '330', 'JIB', '2013-01-05 19:02:00', 'FINISH', 'CHECKED');
INSERT INTO `Schedule` VALUES ('9', '1557492', '1', '45', 'JIB', '2013-01-05 20:02:00', 'FINISH', 'CHECKED');
INSERT INTO `Schedule` VALUES ('10', '1557492', '2', '180', 'JIB', '2013-02-08 21:40:00', 'FINISH', 'TO_TEST');
INSERT INTO `Schedule` VALUES ('11', '1557492', '2', '156', 'JIB', '2013-02-08 23:10:00', 'FINISH', 'TO_TEST');
INSERT INTO `Schedule` VALUES ('12', '1557492', '2', '154', 'JIB', '2013-02-08 23:12:00', 'FINISH', 'TO_TEST');
INSERT INTO `Schedule` VALUES ('13', '1557492', '2', '145', 'SPI', '2013-02-08 23:18:00', 'FINISH', 'TO_TEST');
INSERT INTO `Schedule` VALUES ('14', '1557492', '2', '178', 'JIB', '2013-02-08 23:32:00', 'CURRENT', 'TO_TEST');
INSERT INTO `Schedule` VALUES ('15', '1557492', '2', '171', 'JIB', '2013-02-08 18:00:00', 'CURRENT', 'TO_TEST');

-- ----------------------------
-- Table structure for `Task`
-- ----------------------------
DROP TABLE IF EXISTS `Task`;
CREATE TABLE `Task` (
  `taskId` int(11) NOT NULL,
  `commandId` int(11) NOT NULL,
  `toBeProcessDate` datetime NOT NULL,
  `processDate` datetime DEFAULT NULL,
  `status` enum('CHECKED','DONE','PROCESSING','CANCELED','FAIL','PENDING') COLLATE utf8_swedish_ci NOT NULL DEFAULT 'PENDING',
  `log` varchar(2048) COLLATE utf8_swedish_ci DEFAULT NULL,
  PRIMARY KEY (`taskId`)
) ENGINE=InnoDB DEFAULT CHARSET=utf8 COLLATE=utf8_swedish_ci;

-- ----------------------------
-- Records of Task
-- ----------------------------
INSERT INTO `Task` VALUES ('1', '11', '2013-01-02 22:00:00', '2013-01-02 23:09:24', 'CHECKED', 'result=1&state=OK&error=&furtifTime&checksum=0de0a7a5b4dc3dbf0ef40ec6b3d89fbd889a4a6e&end=1\r\n');
INSERT INTO `Task` VALUES ('2', '12', '2013-01-03 00:30:16', '2013-01-03 00:47:10', 'FAIL', 'result=1&state=OK&error=&furtifTime&checksum=0de0a7a5b4dc3dbf0ef40ec6b3d89fbd889a4a6e&end=1\r\n');

-- ----------------------------
-- Table structure for `User`
-- ----------------------------
DROP TABLE IF EXISTS `User`;
CREATE TABLE `User` (
  `user_id` int(11) NOT NULL,
  `vr_id` int(11) NOT NULL,
  `vr-name` varchar(128) COLLATE utf8_swedish_ci NOT NULL,
  `password` varchar(256) COLLATE utf8_swedish_ci NOT NULL,
  PRIMARY KEY (`user_id`)
) ENGINE=InnoDB DEFAULT CHARSET=utf8 COLLATE=utf8_swedish_ci;

-- ----------------------------
-- Records of User
-- ----------------------------
INSERT INTO `User` VALUES ('1', '1557492', 'Viadeo', 'znu0gxh');
INSERT INTO `User` VALUES ('2', '387602', 'Beers Sailing', 'znu0gxh');

-- ----------------------------
-- Table structure for `UserRace`
-- ----------------------------
DROP TABLE IF EXISTS `UserRace`;
CREATE TABLE `UserRace` (
  `vrUserId` int(11) NOT NULL,
  `raceId` int(11) NOT NULL,
  `mode` enum('SCHEDULE','WAYPOINTS','SPEEDREG') COLLATE utf8_swedish_ci NOT NULL DEFAULT 'SCHEDULE',
  `userService` varchar(512) COLLATE utf8_swedish_ci DEFAULT NULL,
  PRIMARY KEY (`vrUserId`,`raceId`)
) ENGINE=InnoDB DEFAULT CHARSET=utf8 COLLATE=utf8_swedish_ci;

-- ----------------------------
-- Records of UserRace
-- ----------------------------
INSERT INTO `UserRace` VALUES ('387602', '1', 'SCHEDULE', 'http://vendeeglobevirtuel.virtualregatta.com/core/Service/ServiceCaller.php?service=GetUser&id_user=387602&lang=FR&light=1&auto=1&checksum=c2b5eac7f8914ae98648a8d6f4cac7c15c174176');
INSERT INTO `UserRace` VALUES ('1557492', '1', 'SCHEDULE', 'http://vendeeglobevirtuel.virtualregatta.com/core/Service/ServiceCaller.php?service=GetUser&id_user=1557492&lang=FR&light=1&auto=1&checksum=12a7d2bd00899910733ba6e1721fddcebf47b880');
INSERT INTO `UserRace` VALUES ('1557492', '2', 'SCHEDULE', 'http://hopehorn.virtualregatta.com/core/Service/ServiceCaller.php?service=GetFriendsList&id_user=1557492&checksum=0099fa760db04c388d03abeb24fa591ab6498a93');
